age,sex,educ,race,income,married,pid
59,1,9,1,0,1,1
31,0,1,3,17000,0,2
36,1,11,1,0,1,3
54,1,11,1,9100,1,4
39,0,5,3,37000,0,5
34,0,9,1,0,1,6
93,1,8,1,6000,1,7
69,0,13,1,350000,1,8
40,1,11,3,33000,1,9
27,1,11,1,25000,0,10
59,1,13,1,49000,1,11
31,1,11,3,0,1,12
73,1,13,4,35500,0,13
89,1,9,1,4000,1,14
39,1,10,3,15000,0,15
51,1,13,4,120000,1,16
32,0,9,1,13000,0,17
52,0,11,2,45000,0,18
24,0,7,1,0,0,19
48,1,10,1,4300,1,20
51,0,1,3,16000,1,21
43,1,14,1,365000,1,22
29,0,4,3,20000,0,23
44,1,15,1,17900,1,24
87,1,8,1,3600,0,25
27,1,11,3,10800,0,26
58,0,13,1,60900,1,27
32,1,11,3,25000,1,28
74,1,7,3,6520,0,29
28,1,13,4,21000,0,30
70,0,15,1,319000,1,31
35,0,9,1,30000,0,32
36,1,11,3,600,1,33
63,1,9,3,35800,1,34
21,1,9,3,18000,0,35
29,0,1,3,21200,1,36
44,0,13,1,50000,1,37
35,1,11,3,0,1,38
43,0,13,3,69800,1,39
59,1,10,4,30000,1,40
53,0,5,3,17300,1,41
42,0,10,1,38000,1,42
32,0,11,1,19000,1,43
50,0,16,1,52650,1,44
18,0,4,3,0,0,45
40,1,13,1,40000,1,46
42,1,11,1,7000,0,47
52,0,11,1,325000,1,48
56,1,14,1,52000,1,49
45,1,11,1,0,1,50
39,0,8,1,18000,0,51
28,0,10,1,49000,1,52
46,1,13,1,47000,1,53
45,0,11,3,50000,1,54
32,1,9,4,12000,1,55
22,1,9,1,5000,1,56
52,1,15,1,43000,1,57
21,0,3,3,12000,1,58
60,1,13,1,4000,1,59
77,1,11,1,2500,1,60
38,0,1,3,1800,0,61
40,1,11,3,15700,1,62
34,1,11,2,13700,0,63
48,1,12,1,76000,1,64
69,1,9,1,5010,1,65
46,0,11,1,85300,1,66
40,0,13,1,149000,0,67
26,1,9,3,12000,1,68
37,1,14,1,65000,0,69
30,0,5,3,13000,1,70
70,1,15,4,1800,1,71
42,1,4,3,0,0,72
24,1,3,3,12500,1,73
31,0,9,3,28000,1,74
20,0,8,3,8400,0,75
33,1,11,1,18500,0,76
47,0,7,1,155100,1,77
19,1,10,1,0,0,78
33,1,5,1,4600,0,79
66,1,13,4,4600,1,80
23,0,11,1,66000,0,81
51,1,9,1,9600,0,82
23,0,13,1,23500,0,83
47,1,13,1,63000,1,84
48,1,8,3,13000,1,85
43,1,11,1,8000,1,86
31,0,10,3,10400,0,87
47,1,3,3,10200,1,88
74,0,11,1,24400,0,89
93,1,1,2,6000,0,90
55,1,11,1,12800,0,91
29,1,9,3,24000,0,92
33,0,11,3,119000,1,93
50,0,2,3,18000,1,94
28,0,11,2,8100,1,95
29,1,13,1,38000,0,96
38,1,10,1,35000,1,97
42,0,9,3,50900,1,98
50,1,10,1,22640,0,99
77,0,4,3,12400,1,100
37,1,3,3,0,1,101
40,0,11,1,40000,0,102
30,0,6,3,40000,1,103
19,1,11,1,7000,0,104
50,1,9,3,60000,0,105
82,1,9,3,690,0,106
22,1,9,3,21000,0,107
63,0,12,1,94100,1,108
48,1,12,1,6800,0,109
46,0,15,1,52000,1,110
45,1,9,3,0,0,111
37,1,10,3,10800,0,112
76,0,13,4,680,0,113
25,0,9,1,0,0,114
40,1,10,3,33000,1,115
34,0,9,3,22500,1,116
56,1,13,4,2000,1,117
43,1,11,3,25000,1,118
42,0,14,1,115370,1,119
22,1,11,1,0,1,120
45,1,11,1,38580,0,121
32,1,3,3,16000,1,122
23,0,11,3,5600,1,123
19,0,10,2,14000,0,124
52,1,9,1,109000,0,125
44,1,13,4,27000,1,126
43,0,13,4,51800,0,127
34,1,13,4,0,1,128
32,1,13,1,28030,0,129
38,0,10,1,11200,0,130
40,1,10,1,62700,1,131
82,0,14,1,20000,1,132
31,1,9,2,23000,0,133
42,1,9,1,3000,1,134
47,0,1,2,220,0,135
66,0,16,1,120000,1,136
30,0,9,4,30000,0,137
42,1,10,3,28000,0,138
50,1,11,1,48700,1,139
26,1,10,1,11000,1,140
53,0,9,3,6000,0,141
22,0,8,4,7000,1,142
28,1,2,3,0,1,143
25,0,6,3,22000,1,144
30,1,11,3,20000,1,145
86,1,9,1,12020,1,146
33,0,12,3,33000,0,147
62,1,11,2,4900,0,148
23,1,12,3,0,0,149
36,0,12,1,60000,1,150
84,1,9,1,5600,1,151
29,0,6,1,28000,0,152
29,0,11,1,91000,1,153
18,1,8,2,0,0,154
44,1,13,3,27000,1,155
61,0,9,1,15800,1,156
72,1,13,1,21600,1,157
59,0,13,1,30000,1,158
33,0,13,4,92000,1,159
51,0,13,1,181000,1,160
35,1,15,1,80000,1,161
47,1,13,1,75800,0,162
50,0,16,4,90000,1,163
30,1,11,1,0,0,164
31,1,8,2,0,1,165
30,0,13,4,62300,1,166
77,1,10,1,0,1,167
59,0,1,1,30000,1,168
22,1,13,1,4800,0,169
66,1,12,1,17000,0,170
49,1,11,3,36000,0,171
44,1,13,1,25000,1,172
18,0,7,1,4000,0,173
35,0,12,3,27000,0,174
38,1,3,3,6200,1,175
55,1,9,1,25800,0,176
32,0,11,2,33500,0,177
29,0,9,1,40000,1,178
36,1,9,2,0,0,179
21,0,11,1,16000,0,180
43,1,13,3,1330,1,181
81,0,9,4,21600,1,182
45,1,12,1,32000,1,183
37,1,8,3,24000,0,184
41,1,9,1,31000,1,185
46,0,9,1,0,0,186
29,1,14,4,37100,1,187
40,1,9,1,5800,1,188
24,1,5,3,3500,0,189
63,1,12,1,86000,1,190
61,0,1,3,14400,1,191
43,1,12,1,22600,1,192
86,1,13,1,37100,0,193
38,0,14,4,72000,1,194
75,0,3,2,8000,0,195
32,0,13,1,110300,0,196
63,1,10,1,13100,0,197
27,0,11,3,26000,0,198
64,0,13,1,125200,1,199
71,1,4,1,11900,1,200
54,1,11,1,2460,1,201
57,1,14,1,47500,1,202
56,1,12,1,13900,1,203
31,0,15,2,40220,0,204
53,0,12,1,40000,1,205
29,1,9,1,0,1,206
18,0,7,4,5400,0,207
27,1,3,3,3000,1,208
67,1,1,3,9800,0,209
75,0,13,1,44600,1,210
27,0,8,1,40000,0,211
37,0,13,3,56150,1,212
77,1,10,1,14200,0,213
38,1,13,1,15000,0,214
51,1,12,1,30000,1,215
23,1,11,3,10210,1,216
34,0,1,3,6000,1,217
39,1,14,3,52000,1,218
53,1,6,1,0,0,219
30,1,10,1,27000,1,220
39,1,8,3,29700,0,221
40,0,13,1,11000,0,222
43,0,14,1,56000,1,223
34,1,15,4,77000,0,224
72,0,6,1,13800,1,225
73,0,11,1,48300,1,226
77,1,9,1,11000,0,227
43,1,13,1,26180,1,228
31,1,5,3,5200,1,229
36,0,12,1,80000,0,230
61,0,12,1,69000,1,231
74,0,11,1,73700,1,232
38,1,13,1,40000,1,233
45,1,15,2,90000,1,234
32,1,12,4,26800,1,235
55,0,11,1,50000,1,236
51,1,12,1,0,1,237
47,1,13,1,0,1,238
42,1,9,4,0,1,239
30,0,16,1,61200,0,240
36,1,13,1,55000,0,241
42,1,13,1,3000,1,242
65,1,9,1,5200,1,243
51,0,13,1,56000,1,244
70,1,3,3,18900,1,245
57,1,11,1,62700,1,246
48,0,2,4,10000,1,247
69,1,13,1,4300,1,248
76,0,9,1,10100,1,249
46,0,9,1,9500,0,250
35,0,9,3,1400,1,251
72,0,9,1,180000,1,252
18,1,9,3,4000,0,253
40,1,13,1,0,1,254
33,1,13,1,72000,1,255
46,0,13,1,45000,1,256
51,1,12,1,14030,0,257
48,0,11,4,20040,1,258
30,0,9,1,9000,0,259
28,1,4,3,0,1,260
40,1,14,1,940,1,261
18,1,7,1,0,0,262
37,0,11,1,68000,1,263
41,0,11,1,41000,0,264
93,1,9,1,19200,1,265
52,1,12,1,23000,1,266
43,0,3,3,13000,0,267
35,1,11,1,8400,1,268
34,0,9,1,45000,1,269
66,0,11,3,12000,0,270
86,1,9,1,23800,0,271
42,1,12,2,0,0,272
73,1,11,2,16000,0,273
19,1,9,3,0,0,274
37,0,4,3,52000,1,275
85,0,11,1,119700,1,276
40,1,3,3,0,1,277
73,0,15,1,115000,1,278
78,1,13,4,29300,1,279
62,1,14,1,325000,1,280
48,0,9,3,41600,0,281
75,1,8,1,19000,0,282
71,1,9,1,39300,0,283
29,0,11,6,0,0,284
30,0,12,1,36420,1,285
74,1,5,4,0,0,286
53,1,10,2,0,1,287
19,1,7,3,2200,0,288
31,0,7,1,0,1,289
41,1,9,1,24620,1,290
49,1,6,3,0,0,291
38,0,12,3,40000,1,292
35,1,11,4,71000,1,293
45,0,10,1,49000,0,294
42,0,14,1,42500,1,295
28,0,9,1,0,0,296
32,1,1,4,9530,0,297
48,1,14,1,27900,0,298
27,1,14,1,24020,0,299
44,0,13,4,46300,1,300
75,1,9,1,18800,0,301
52,0,12,1,168000,1,302
39,1,12,1,39000,0,303
60,0,13,4,167000,1,304
34,1,13,3,73000,1,305
50,0,12,1,58200,0,306
47,1,1,3,7530,1,307
48,0,13,1,140500,1,308
68,0,13,1,31800,1,309
30,0,8,1,50000,1,310
67,0,13,1,57200,1,311
29,1,5,3,1800,1,312
40,1,11,5,56000,0,313
84,0,13,1,32100,1,314
67,0,4,2,13500,1,315
74,0,12,1,13000,0,316
72,1,2,3,8200,0,317
72,1,9,4,17100,1,318
82,1,13,1,8400,1,319
24,0,5,3,10000,0,320
54,1,10,1,35000,1,321
67,0,6,1,7000,1,322
18,0,11,4,2200,0,323
40,0,11,2,30000,1,324
70,1,9,1,4800,1,325
73,0,13,1,7200,1,326
41,1,14,1,15400,1,327
68,0,14,1,44000,1,328
82,0,15,1,138300,1,329
20,1,3,3,0,0,330
31,1,14,1,34000,0,331
27,0,9,3,44500,0,332
70,1,9,1,7000,1,333
49,0,15,1,54000,1,334
62,1,10,3,70000,1,335
53,0,9,1,16940,0,336
40,0,4,3,0,1,337
80,0,8,1,28900,1,338
36,0,11,4,0,0,339
29,0,2,3,28900,1,340
38,1,11,3,0,1,341
65,1,13,1,0,0,342
20,1,9,3,13000,0,343
40,1,8,3,10500,1,344
42,0,13,1,382000,1,345
36,1,5,3,20300,1,346
37,0,11,1,52000,1,347
25,1,9,2,0,0,348
74,1,9,1,7200,1,349
40,0,9,1,38000,0,350
48,1,4,4,13500,0,351
44,0,14,1,138100,0,352
40,1,10,3,15000,1,353
23,0,11,1,0,0,354
66,1,5,2,0,1,355
47,0,13,1,35300,0,356
58,0,10,1,80000,0,357
42,1,9,1,3500,1,358
26,0,9,1,24000,0,359
32,1,8,3,0,1,360
36,0,14,3,61900,1,361
22,1,11,1,10600,0,362
23,1,12,4,4000,1,363
46,1,12,1,8400,0,364
23,0,8,3,23500,0,365
71,0,15,1,42000,1,366
55,1,9,4,10000,1,367
34,1,3,3,0,1,368
49,0,13,1,12000,0,369
42,1,11,2,0,0,370
71,0,1,3,9100,1,371
28,1,13,3,28000,1,372
23,1,12,2,14400,0,373
18,1,9,3,0,0,374
48,0,10,1,60000,1,375
65,0,12,1,22800,0,376
44,1,1,3,18000,0,377
52,1,13,1,42800,0,378
65,0,6,1,22300,0,379
20,1,9,1,5900,0,380
27,1,13,1,5450,1,381
36,1,16,4,0,1,382
88,1,11,1,0,1,383
84,1,1,4,10500,0,384
41,0,13,1,36000,1,385
35,0,9,1,30000,1,386
30,1,11,1,38700,1,387
23,1,13,4,10700,1,388
23,0,6,3,6100,0,389
51,1,16,1,118000,0,390
27,1,13,1,41600,0,391
47,1,13,1,0,1,392
71,1,9,1,8000,1,393
78,1,1,3,9300,0,394
44,1,12,1,4930,1,395
50,1,9,4,1200,1,396
38,0,2,3,16000,1,397
25,0,11,1,0,0,398
43,0,13,4,25000,1,399
20,0,11,4,4200,0,400
66,1,9,1,3200,0,401
26,0,13,3,28000,0,402
62,0,13,1,70000,1,403
45,1,11,1,69200,0,404
38,1,8,2,1000,1,405
51,1,7,1,7200,0,406
21,0,13,1,5000,0,407
42,1,13,1,2500,0,408
20,0,10,4,35400,0,409
51,1,9,1,4200,0,410
22,1,11,3,19400,0,411
65,0,6,3,18500,0,412
38,0,9,1,1e+05,1,413
33,1,9,3,11000,1,414
27,1,12,3,38000,0,415
58,0,9,1,99000,1,416
73,0,1,3,7200,0,417
19,0,11,3,7000,0,418
24,1,13,4,100,0,419
30,1,11,1,20200,1,420
37,0,13,1,55000,1,421
51,0,1,3,56300,1,422
45,0,9,1,36000,0,423
81,1,14,1,6000,0,424
61,0,13,1,95300,1,425
30,1,12,4,10284,0,426
58,1,9,1,37000,0,427
58,0,12,2,46050,1,428
46,0,4,3,23100,0,429
47,1,2,3,19000,1,430
23,0,10,2,1500,0,431
36,0,8,3,0,1,432
82,0,9,1,20700,1,433
20,1,11,2,8600,0,434
22,1,9,3,0,0,435
67,0,14,1,90300,1,436
22,0,13,3,15600,0,437
79,0,6,3,54600,1,438
18,0,8,4,0,0,439
48,1,14,1,39000,0,440
32,0,9,3,20000,0,441
35,0,9,1,13000,0,442
49,1,11,1,30000,1,443
46,0,11,1,13500,1,444
28,0,11,3,10000,0,445
50,0,8,3,17900,1,446
28,1,9,2,8400,0,447
87,1,4,1,8000,1,448
49,0,8,1,30300,1,449
23,1,6,4,4000,0,450
40,1,3,3,20000,1,451
26,1,9,3,38600,0,452
48,1,9,2,0,0,453
82,1,3,2,9900,0,454
78,0,5,2,0,0,455
34,1,8,1,25000,1,456
36,1,13,4,67000,0,457
19,1,9,3,3000,0,458
31,1,3,3,0,1,459
34,0,9,1,14000,1,460
19,0,5,3,0,0,461
33,0,13,1,109000,0,462
93,1,2,3,10000,0,463
30,1,16,1,14600,0,464
42,1,6,2,0,1,465
31,0,3,3,16300,1,466
23,0,13,1,28000,1,467
62,1,12,1,51350,1,468
59,1,2,1,0,1,469
88,1,12,1,18500,1,470
37,0,12,1,25900,0,471
32,1,13,1,47800,0,472
42,0,9,1,17700,1,473
40,0,13,1,700,0,474
64,0,9,1,16000,1,475
31,1,14,1,35000,0,476
30,0,11,4,36500,1,477
69,0,10,1,23500,1,478
53,0,12,3,76800,1,479
51,1,9,1,52120,0,480
27,0,7,3,17000,0,481
29,1,12,4,38000,1,482
28,1,11,4,9000,1,483
42,1,12,3,13300,1,484
34,0,9,3,60100,1,485
37,0,14,1,95000,1,486
31,1,9,3,2000,1,487
36,0,9,1,64000,1,488
44,1,1,3,0,1,489
53,0,11,1,38000,0,490
23,1,9,1,9000,0,491
37,0,10,4,54300,1,492
29,1,8,3,5000,1,493
38,0,13,1,90580,1,494
57,1,5,1,5100,1,495
27,0,8,1,22000,0,496
86,1,9,1,8700,0,497
75,0,8,1,7400,0,498
37,1,12,4,13100,1,499
23,0,8,1,30000,0,500
63,0,13,2,50000,1,501
26,1,11,1,0,1,502
51,0,13,1,325000,1,503
42,0,9,1,64000,1,504
43,1,13,1,0,1,505
51,0,14,1,103000,1,506
69,0,11,1,90300,1,507
52,0,10,1,60000,0,508
74,0,13,1,21100,1,509
22,0,12,1,31000,1,510
43,1,9,1,8610,0,511
56,0,11,2,44200,0,512
31,1,9,3,4600,0,513
38,0,9,3,7200,0,514
89,1,13,1,7000,0,515
62,1,12,1,10800,1,516
75,1,11,1,8200,1,517
34,1,12,1,10000,1,518
35,0,2,3,32000,1,519
35,0,13,1,60000,0,520
45,1,9,4,0,1,521
19,0,6,3,19000,1,522
32,0,8,1,40000,1,523
47,1,11,1,65000,0,524
72,1,9,1,3600,1,525
49,0,14,1,132000,0,526
48,0,11,4,49000,0,527
32,0,14,1,66200,0,528
28,0,11,3,13000,1,529
20,0,11,1,1600,0,530
57,0,16,1,123000,1,531
18,0,10,2,2400,0,532
35,0,12,3,27000,1,533
45,0,13,4,80000,1,534
72,0,8,1,14000,1,535
54,0,12,1,125700,1,536
39,1,10,3,80000,0,537
40,1,9,1,0,1,538
63,1,1,3,3030,0,539
19,1,10,1,2100,0,540
40,1,12,3,17100,0,541
59,1,12,1,13000,0,542
42,0,13,1,33400,1,543
42,0,9,2,0,1,544
38,1,16,1,60000,0,545
61,0,9,1,38000,1,546
55,1,11,3,12600,0,547
54,1,13,3,3200,0,548
80,0,14,1,41300,1,549
46,0,12,4,50000,1,550
79,1,13,1,31900,1,551
46,0,13,6,140000,1,552
28,1,9,1,12000,0,553
38,1,11,1,29900,0,554
34,1,13,1,31030,1,555
22,0,13,4,760,0,556
48,0,8,1,57000,0,557
42,0,3,3,19200,1,558
23,0,9,3,46000,0,559
29,1,11,2,30000,0,560
65,1,1,4,0,0,561
54,0,13,1,42500,1,562
34,0,9,2,12100,0,563
61,1,9,1,25000,1,564
70,1,6,1,0,0,565
82,0,9,1,10100,1,566
48,0,13,1,44000,1,567
66,1,9,1,13800,1,568
27,1,13,4,15200,1,569
42,0,9,1,14000,1,570
47,1,11,1,59000,1,571
70,0,13,1,51100,1,572
47,0,9,1,27500,1,573
47,0,9,1,45000,1,574
39,1,9,1,24000,1,575
33,1,9,3,2200,0,576
84,0,11,1,151800,1,577
39,0,9,1,80000,1,578
55,1,11,1,0,1,579
26,0,13,4,38800,1,580
65,0,7,2,40900,1,581
78,1,1,4,6400,0,582
57,1,9,1,30000,0,583
35,0,9,1,32000,1,584
28,0,13,3,40000,0,585
74,1,10,2,7900,0,586
54,1,11,1,4600,1,587
80,0,11,1,16900,1,588
32,1,3,3,0,1,589
21,1,7,3,1100,0,590
43,0,5,3,13400,1,591
24,0,14,3,40000,1,592
60,1,9,1,19000,0,593
22,0,7,3,22000,1,594
30,0,13,1,0,0,595
30,0,2,3,4000,1,596
35,1,13,1,460,1,597
23,0,9,1,14300,0,598
29,0,15,4,60400,1,599
66,1,1,3,5000,0,600
18,0,3,3,0,0,601
69,1,11,3,11900,1,602
40,1,11,2,18000,1,603
57,1,11,1,50020,1,604
51,0,11,1,6000,0,605
82,1,13,1,29100,1,606
57,0,9,1,35000,1,607
34,1,9,1,16600,1,608
20,0,7,1,25000,0,609
28,0,10,1,280,0,610
20,1,11,3,7200,0,611
23,1,9,3,13000,0,612
80,1,11,1,18500,0,613
34,0,11,3,45000,0,614
46,1,12,4,39300,1,615
50,1,13,1,50000,0,616
32,0,13,1,1e+05,1,617
56,0,15,1,93700,1,618
18,1,7,1,2000,0,619
48,1,12,1,35500,1,620
45,0,14,4,84900,1,621
60,0,8,3,71600,1,622
83,0,9,1,29400,0,623
41,0,11,2,72000,0,624
33,0,8,4,17400,1,625
33,0,5,3,5200,0,626
52,0,9,1,34440,1,627
42,0,3,3,22900,1,628
69,1,11,1,7000,1,629
25,1,13,4,0,0,630
68,0,9,1,343000,1,631
25,0,9,4,4500,0,632
55,1,7,1,0,1,633
41,0,5,3,7000,1,634
75,1,10,1,8320,0,635
39,0,8,2,29000,0,636
40,0,11,1,76000,1,637
39,0,11,4,48800,1,638
48,0,13,1,325000,1,639
81,0,11,1,12600,1,640
70,0,13,1,36100,0,641
82,1,9,3,9600,0,642
45,0,15,1,64000,1,643
83,1,13,3,9000,0,644
37,0,8,4,30200,0,645
31,1,11,1,12100,0,646
18,0,5,3,0,0,647
29,1,1,3,0,1,648
40,0,11,3,9000,1,649
43,0,13,1,325000,1,650
45,1,9,3,12000,1,651
45,0,13,6,85000,1,652
60,0,13,1,25000,0,653
76,1,11,2,10100,0,654
24,0,13,1,32000,0,655
38,1,12,2,92000,0,656
62,0,11,1,2000,1,657
35,1,9,2,24000,0,658
30,1,8,3,28250,0,659
23,1,6,3,9600,0,660
40,0,9,4,33000,0,661
52,1,3,4,7500,1,662
40,1,10,1,26000,1,663
46,1,13,4,11700,1,664
23,1,12,1,7000,1,665
29,0,11,1,50000,0,666
25,0,9,3,14000,0,667
56,0,14,1,325000,0,668
27,0,9,1,50000,0,669
41,1,13,1,328700,1,670
43,0,11,1,15000,0,671
27,0,14,4,81000,1,672
53,1,14,4,62600,1,673
53,1,13,1,6200,1,674
43,1,8,1,33000,1,675
38,0,9,1,1e+05,0,676
46,0,13,1,67500,0,677
23,0,11,2,12000,0,678
27,0,13,1,38000,0,679
60,0,11,2,39200,1,680
76,0,3,3,9600,1,681
51,0,12,1,0,0,682
54,1,15,1,106200,0,683
26,0,13,1,0,0,684
19,1,9,3,3400,0,685
40,0,13,2,38500,1,686
24,1,1,3,0,1,687
53,1,12,1,11100,0,688
19,1,11,1,11000,0,689
19,1,11,4,10000,0,690
55,0,16,1,63000,1,691
25,0,10,3,25000,0,692
53,0,9,1,69200,1,693
72,0,7,1,20900,1,694
66,1,14,2,54260,0,695
36,1,6,1,25000,0,696
35,1,10,1,21150,0,697
37,1,13,1,30400,0,698
34,1,13,1,30000,0,699
45,1,9,3,24000,0,700
73,1,13,1,26100,1,701
59,0,11,1,76000,1,702
21,1,11,3,21000,0,703
22,1,13,1,9800,0,704
38,1,13,2,31000,1,705
22,1,11,1,6300,0,706
21,1,12,1,9000,0,707
76,1,6,1,116070,0,708
46,1,3,3,3100,1,709
42,0,1,4,14000,1,710
82,0,13,1,29800,1,711
33,1,1,3,0,1,712
37,1,13,4,13000,0,713
32,0,8,1,0,0,714
44,1,7,1,11500,1,715
35,1,13,4,26700,1,716
83,0,11,1,10800,1,717
39,0,12,2,36000,1,718
77,0,4,2,7000,0,719
60,0,13,1,96000,0,720
53,0,14,1,159000,0,721
33,0,11,1,75000,1,722
50,0,13,4,77000,1,723
63,1,13,4,10000,0,724
74,0,11,2,62000,0,725
37,0,7,1,50000,1,726
31,1,5,1,6500,0,727
39,0,13,4,30000,0,728
40,0,9,2,26800,1,729
83,1,9,1,8800,1,730
45,1,11,1,18300,0,731
53,1,11,1,35200,1,732
22,1,13,1,30380,0,733
78,0,16,1,46100,1,734
34,0,9,4,18000,1,735
37,0,15,1,152000,0,736
43,0,11,1,93400,1,737
35,0,13,1,65000,1,738
85,0,14,1,19600,0,739
58,0,4,3,12700,1,740
31,0,15,1,33400,1,741
22,0,9,1,13700,0,742
65,0,9,1,21500,0,743
79,0,9,1,22700,1,744
26,1,10,1,23000,0,745
40,0,11,3,36000,1,746
47,0,10,1,43600,1,747
19,0,10,1,14000,0,748
47,1,1,3,0,1,749
35,1,9,3,0,0,750
22,0,11,1,2600,0,751
42,1,12,4,40020,1,752
28,0,13,1,61130,1,753
51,1,11,1,15000,0,754
40,1,3,4,17000,1,755
38,0,7,1,1000,1,756
52,0,11,3,0,0,757
24,1,9,3,4000,0,758
44,0,9,1,42000,1,759
23,1,9,3,0,0,760
47,0,10,1,110000,1,761
44,0,7,3,40800,1,762
51,1,13,1,1600,0,763
79,1,9,3,14700,1,764
23,0,11,1,29000,0,765
68,1,9,1,25200,0,766
34,1,9,1,35000,1,767
52,0,13,4,0,1,768
45,1,11,3,2000,1,769
39,1,13,1,42500,0,770
50,1,7,2,3600,1,771
52,1,9,4,84000,1,772
51,1,11,1,12800,0,773
28,1,13,1,60000,0,774
39,0,5,3,25000,1,775
46,0,8,1,0,0,776
25,0,12,1,20000,0,777
27,1,9,3,3000,1,778
70,0,10,3,16300,1,779
27,1,10,6,31000,1,780
41,1,9,2,10000,0,781
44,0,9,4,20000,0,782
29,1,8,2,325000,0,783
48,0,14,1,135000,1,784
19,0,9,1,6300,0,785
79,1,4,1,10800,0,786
33,0,11,1,5100,0,787
20,0,11,3,3600,0,788
42,1,12,1,7000,1,789
31,0,13,4,47000,0,790
46,1,14,3,14120,0,791
29,0,9,1,32000,1,792
57,0,12,1,58400,1,793
22,0,9,3,16000,0,794
53,0,2,3,18000,1,795
24,0,3,3,0,1,796
82,1,4,3,22800,0,797
37,1,13,1,420500,0,798
48,1,12,1,34000,1,799
54,0,3,3,230,1,800
49,0,11,1,5800,0,801
19,1,7,1,3000,0,802
50,1,14,4,103000,1,803
37,0,12,1,56020,1,804
75,0,9,3,22700,1,805
43,1,6,1,28900,0,806
41,0,12,4,17900,0,807
62,0,6,1,0,0,808
45,1,13,1,34200,0,809
71,1,15,1,37800,1,810
40,1,3,3,0,1,811
18,0,7,1,4000,0,812
60,0,7,3,28900,1,813
34,1,12,1,0,1,814
50,1,11,1,6000,1,815
52,1,14,1,26600,0,816
22,1,7,1,0,1,817
43,1,10,1,13700,1,818
42,1,11,1,5000,0,819
85,1,11,1,26500,0,820
35,1,9,3,8500,0,821
61,1,9,2,20000,0,822
30,1,11,1,21600,1,823
20,0,9,1,1300,0,824
48,1,9,3,19100,1,825
44,1,14,6,44000,0,826
36,1,8,3,0,1,827
41,1,12,3,38000,0,828
72,1,9,1,9500,1,829
42,0,9,1,19400,0,830
42,0,9,3,30000,1,831
82,1,9,1,13800,0,832
70,1,13,1,26200,1,833
24,0,7,3,5540,1,834
19,1,8,4,1100,0,835
50,1,9,1,13700,0,836
56,1,16,1,39000,1,837
36,0,13,1,120000,1,838
44,1,13,1,1e+05,1,839
42,1,13,1,45000,1,840
74,0,9,1,25200,1,841
64,0,14,1,80200,1,842
72,1,7,1,7200,1,843
39,0,14,3,82260,1,844
67,0,15,1,95000,1,845
28,0,13,1,57000,0,846
41,0,13,1,45000,1,847
32,1,11,1,24000,0,848
42,1,8,3,5000,1,849
47,0,9,3,62000,1,850
75,0,15,1,57370,1,851
27,0,9,3,12000,0,852
40,0,10,1,24000,0,853
49,0,13,1,80600,0,854
34,1,9,1,13000,1,855
39,1,1,3,0,1,856
62,1,12,1,14000,0,857
70,1,14,2,40100,0,858
36,0,9,3,30000,1,859
45,0,1,3,9000,0,860
43,0,3,3,0,1,861
24,0,11,4,7200,1,862
47,1,14,1,40200,0,863
57,0,16,1,251000,1,864
44,1,10,1,21500,1,865
23,0,5,3,18000,0,866
48,1,3,3,14000,0,867
26,0,10,3,13000,1,868
32,0,8,1,30000,1,869
21,1,9,1,0,1,870
54,0,13,1,56420,1,871
25,1,13,1,31000,0,872
47,1,13,3,34480,0,873
40,0,12,1,88000,1,874
45,1,11,3,5000,0,875
29,0,12,1,39000,0,876
69,0,12,1,8300,0,877
67,0,11,1,2000,1,878
69,1,11,1,12500,0,879
65,1,4,4,35600,0,880
27,0,12,4,7000,0,881
26,1,9,3,25000,0,882
46,1,9,1,27000,1,883
43,0,13,1,23600,1,884
72,0,14,1,15900,1,885
41,1,12,1,0,1,886
45,0,13,1,72000,1,887
34,0,12,2,71050,1,888
48,1,13,1,332200,1,889
71,1,11,1,11800,1,890
48,1,3,3,325000,1,891
40,1,13,4,0,1,892
23,0,9,1,20000,0,893
21,0,10,1,1900,0,894
36,1,10,1,35000,0,895
20,0,11,1,22900,0,896
20,1,9,3,8700,0,897
39,1,13,1,0,1,898
53,0,13,1,120000,0,899
20,0,3,3,0,0,900
40,1,9,1,62000,0,901
19,1,11,1,5600,0,902
52,1,6,3,8900,0,903
46,0,9,1,23000,0,904
48,0,10,2,12000,0,905
39,0,11,1,80080,0,906
29,1,11,2,1000,0,907
22,0,3,3,11000,1,908
39,1,11,4,58500,0,909
25,0,8,3,0,0,910
51,0,15,1,1e+05,1,911
38,0,12,1,140000,1,912
34,1,13,4,60000,1,913
24,0,10,1,43120,1,914
28,0,9,4,20000,0,915
21,1,5,3,3600,1,916
38,1,3,3,18000,0,917
49,1,11,3,14500,0,918
22,0,11,1,12000,0,919
45,0,14,1,91100,1,920
64,0,13,1,52800,1,921
51,0,7,1,19000,0,922
40,1,10,1,0,0,923
18,0,9,3,0,0,924
43,0,13,1,23000,1,925
49,1,9,1,3200,0,926
31,1,8,1,10000,1,927
42,0,8,3,21000,1,928
56,1,9,1,0,1,929
73,0,1,1,3000,1,930
29,0,5,3,17200,1,931
18,1,7,3,1200,0,932
19,1,9,4,0,1,933
22,0,8,3,4000,0,934
30,1,14,2,33000,0,935
53,0,10,1,50000,0,936
67,0,8,3,251000,1,937
69,1,9,1,11600,1,938
19,1,9,3,24500,1,939
47,1,1,1,0,0,940
18,1,9,1,1600,0,941
57,0,13,2,90000,1,942
47,1,11,1,0,1,943
27,0,11,3,15000,0,944
21,0,9,3,16500,0,945
93,1,12,1,88200,0,946
43,1,2,1,8800,0,947
47,1,13,3,66000,1,948
29,0,11,1,38300,0,949
47,0,9,3,23100,0,950
27,0,1,3,14800,1,951
42,1,13,4,60000,1,952
41,0,3,3,28000,1,953
22,1,11,3,12700,0,954
55,0,14,1,75000,1,955
18,0,7,1,500,0,956
40,0,9,1,14000,1,957
64,1,11,1,0,1,958
64,1,9,1,0,1,959
88,1,3,4,6000,0,960
24,1,9,2,10200,0,961
57,0,8,4,23000,1,962
76,1,10,1,0,1,963
43,1,9,3,38030,0,964
64,1,9,3,1700,1,965
21,1,11,3,18000,0,966
22,0,9,2,0,0,967
40,0,13,4,70000,1,968
30,1,5,1,39000,1,969
29,1,10,1,13000,0,970
43,0,11,3,15500,0,971
50,0,14,4,1e+05,1,972
63,0,11,1,1700,1,973
55,1,13,1,62000,1,974
25,0,13,3,26000,0,975
70,1,14,1,7770,0,976
33,0,11,1,275000,0,977
39,0,13,2,100050,1,978
30,1,11,1,36810,0,979
23,0,9,3,6500,1,980
65,0,9,1,26750,1,981
37,1,9,1,8100,0,982
37,0,14,1,61250,1,983
76,1,13,1,6050,1,984
57,1,10,1,15000,0,985
49,1,13,1,57130,1,986
84,1,8,1,10000,0,987
32,0,3,3,0,1,988
71,0,9,1,26550,1,989
58,0,13,1,92200,1,990
56,1,9,1,32000,1,991
51,0,13,2,48000,1,992
51,0,15,1,5400,1,993
53,1,13,1,200,1,994
20,0,8,2,2000,0,995
73,0,3,3,24200,0,996
38,1,2,3,0,0,997
50,0,13,1,22000,1,998
44,1,14,4,500,1,999
29,1,11,1,66400,0,1000