fake_column_1,fake_column_2
75,50
62,89
61,20
20,51
46,95
76,44
65,12
11,36
11,21
46,51
92,88
81,40
19,19
1,63
50,6
73,93
11,100
73,61
83,64
29,98
72,96
11,69
14,36
9,25
20,28
72,87
61,76
17,70
31,79
23,19
71,84
82,78
47,92
75,14
75,43
94,62
27,51
71,33
74,67
56,61
43,3
27,34
31,63
63,31
83,57
89,85
17,44
47,81
15,26
10,40
83,53
14,20
26,61
41,63
76,43
18,70
25,84
5,97
76,80
21,15
91,58
61,3
76,61
85,19
94,38
100,25
89,61
26,66
45,22
94,15
75,70
71,81
40,38
71,4
79,22
60,82
63,73
25,97
60,2
90,23
4,21
51,13
39,37
85,28
62,89
81,29
5,40
82,20
74,10
63,52
76,77
70,50
39,36
65,95
62,46
77,41
50,47
3,91
55,89
82,10
25,93
31,92
28,37
65,95
49,93
49,70
69,40
91,21
41,86
22,29
50,90
69,88
50,39
33,53
98,53
19,50
14,56
13,51
81,21
80,1
86,5
6,84
81,19
29,25
13,35
3,4
19,44
75,64
53,62
21,13
95,75
88,6
97,48
8,53
18,76
80,75
67,82
61,52
28,62
50,13
6,80
32,97
15,21
61,4
27,26
84,54
52,50
22,39
10,66
29,17
70,9
82,40
30,54
78,53
38,4
38,32
51,32
20,31
18,99
57,48
99,96
56,40
69,62
8,2
29,50
94,16
21,96
41,81
53,20
77,10
37,84
24,73
65,31
38,39
21,61
72,15
74,66
40,87
96,27
22,20
83,82
82,24
76,9
2,13
25,87
35,69
92,18
81,64
92,97
24,80
75,56
87,97
88,16
96,60
63,32
29,11
26,32
8,55
78,34
65,12
9,82
64,92
92,76
97,9
24,4
40,29
35,100
6,70
19,7
98,17
72,33
32,61
34,45
19,18
96,47
89,23
22,35
57,51
61,33
10,37
7,39
28,13
76,45
19,66
56,4
89,73
8,85
77,32
16,37
23,0
34,63
96,7
48,28
12,61
13,1
39,90
46,44
84,15
31,1
26,29
83,98
47,52
47,29
77,45
8,43
30,57
44,8
76,19
5,73
80,80
71,10
24,0
89,53
95,11
97,80
31,82
63,19
2,28
45,85
9,75
81,6
4,63
17,53
39,97
49,6
26,70
58,91
22,40
36,74
38,89
90,54
87,65
65,67
9,88
49,68
92,21
33,76
42,5
7,11
47,84
58,83
48,36
56,63
33,6
36,59
92,93
18,91
12,6
14,16
99,92
61,94
7,13
99,47
36,94
13,71
38,50
14,57
19,7
65,11
49,65
77,44
75,99
10,55
57,50
71,39
54,63
55,87
54,53
83,79
52,96
86,23
29,66
62,10
27,45
85,58
86,61
86,41
81,61
28,33
63,67
22,80
46,3
43,69
47,28
95,47
5,5
89,97
54,89
31,67
69,74
64,86
51,32
66,92
99,28
68,73
90,72
46,27
16,28
10,42
31,25
83,31
57,51
75,0
51,35
16,17
96,50
67,62
5,41
1,44
25,63
97,90
42,5
84,31
28,38
44,10
16,49
58,100
24,43
96,65
96,68
57,38
61,72
87,75
64,53
82,32
1,69
94,26
55,19
26,38
21,67
44,80
100,90
56,27
21,67
59,36
9,85
32,24
3,3
21,14
53,85
79,93
98,76
2,44
9,27
31,9
7,9
26,16
89,49
27,47
68,52
49,5
19,26
86,51
22,35
67,92
37,73
63,67
53,55
60,88
0,60
8,77
74,82
4,84
79,67
31,98
61,94
30,54
34,34
16,47
30,83
24,15
59,11
11,29
77,7
4,88
37,86
61,13
26,35
43,94
19,91
87,12
99,86
91,15
55,83
94,79
87,41
19,2
36,51
25,18
27,93
84,84
0,58
87,62
76,61
14,88
96,31
23,11
3,53
54,10
35,16
45,81
39,29
38,18
43,16
32,71
38,7
89,24
55,57
51,95
3,4
2,32
74,15
71,89
41,80
87,14
81,66
23,15
8,74
88,60
84,19
94,84
52,94
51,59
74,95
8,40
91,10
61,95
47,96
24,0
85,32
15,37
78,86
14,2
84,19
90,64
87,96
33,87
72,33
28,42
43,30
20,17
6,87
21,55
99,66
63,1
48,94
10,65
28,44
34,3
53,90
75,12
5,23
11,73
2,38
5,36
25,37
16,34
4,61
92,74
77,10
14,39
40,50
19,92
46,57
94,0
71,68
11,29
10,65
92,22
33,50
25,52
7,44
14,29
87,47
62,66
83,33
4,59
82,95
68,15
81,85
84,90
62,10
31,57
15,14
56,24
19,22
96,100
36,54
80,21
92,10
62,62
35,57
47,60
7,51
58,53
59,32
66,71
31,43
48,75
35,59
56,74
66,15
80,35
36,13
91,59
94,58
56,24
49,62
98,3
49,67
56,86
76,13
3,76
51,59
20,21
18,23
43,67
13,100
52,89
86,47
79,62
6,92
26,68
15,93
74,26
33,51
41,40
50,53
46,24
51,76
34,70
82,52
99,46
35,30
21,11
0,56
30,99
5,31
37,23
64,77
41,91
21,20
57,70
26,23
60,80
68,23
70,79
100,76
81,34
91,3
69,65
61,89
20,43
19,38
49,38
85,11
68,95
96,49
42,27
90,36
42,81
24,58
37,18
34,66
63,24
70,7
66,44
88,94
89,72
20,21
67,76
0,78
29,49
80,61
61,69
82,18
54,66
93,67
49,0
37,24
74,5
27,71
86,82
99,55
50,8
62,11
19,52
60,80
59,35
81,64
75,79
46,19
73,55
37,71
48,54
53,21
62,58
78,59
53,95
87,57
95,51
47,55
22,12
90,75
25,29
20,24
1,40
83,42
34,86
100,87
32,9
66,98
60,13
74,64
100,86
26,25
55,40
22,47
45,30
70,26
34,88
35,43
76,76
82,53
90,84
10,97
33,91
57,61
82,38
72,43
14,72
40,49
91,56
53,86
31,75
12,62
1,89
5,58
82,62
58,53
29,93
46,7
50,23
47,90
75,37
51,6
72,48
74,45
37,93
47,25
48,20
53,39
33,16
65,30
3,63
6,89
89,11
77,21
8,34
74,77
79,19
55,28
15,1
99,45
10,9
19,13
78,81
9,79
45,1
50,37
5,94
38,100
5,90
94,46
16,35
96,15
83,7
32,31
72,6
91,10
74,53
91,27
69,48
23,32
19,38
89,54
38,95
30,48
14,0
84,67
40,57
38,29
60,85
23,16
53,9
43,40
44,74
87,59
46,64
19,38
38,5
94,47
4,57
94,95
84,8
41,84
60,40
8,27
37,17
45,45
99,89
80,78
61,95
88,40
36,13
31,79
93,86
60,50
4,40
86,37
55,16
13,55
30,66
51,98
46,79
16,76
27,97
36,23
57,74
9,65
23,99
99,93
16,57
3,21
77,30
89,40
34,20
41,47
46,29
64,2
58,59
12,23
25,40
29,68
46,100
70,51
81,35
0,59
80,70
70,24
44,6
83,84
14,38
14,78
55,77
76,65
8,24
61,32
17,58
16,2
65,64
68,43
6,69
11,58
20,34
66,8
96,38
21,36
78,31
26,25
20,10
90,38
57,60
96,100
91,11
5,74
95,55
76,56
51,20
81,40
47,90
76,95
55,15
28,78
97,74
12,12
98,7
55,69
0,87
2,36
15,81
44,75
19,3
88,60
0,42
15,17
24,89
34,10
84,7
9,80
64,18
6,96
57,18
34,38
60,84
8,38
36,82
94,87
53,47
31,81
30,61
100,80
47,37
22,11
59,61
74,70
3,40
7,32
14,76
79,56
24,59
8,5
36,99
31,37
99,6
8,96
29,81
48,59
97,28
91,24
23,4
47,11
41,18
15,39
42,15
83,17
57,99
35,26
25,72
77,19
71,63
30,87
96,85
89,65
57,52
27,53
24,66
16,36
24,19
9,100
29,4
38,28
18,43
79,92
94,54
38,64
43,98
53,59
84,36
58,93
50,13
42,43
29,2
82,35
90,37
29,25
39,34
63,87
77,8
86,93
39,71
95,57
69,32
7,34
6,88
29,77
29,11
29,5
68,3
86,47
71,41
74,37
15,56
9,81
98,61
100,26
88,14
3,47
88,0
77,15
29,12
95,51
78,41
37,17
34,22
66,82
26,6
56,54
21,41
13,5
94,0
0,25
84,100
24,32
17,34
87,38
52,5
91,8
86,98
18,86
74,99
20,37
33,3
32,37
97,21
99,28
91,39
28,72
88,94
21,13
55,60
82,34
65,8
26,49
62,35
22,55
70,94
5,10
74,49
88,51
51,0
16,20
14,89
49,96
32,95
19,37
48,99
31,34
13,87
32,81
29,60
30,89
42,61
46,91
32,55
81,31
10,99
64,58
89,17
90,73
10,43
74,76
28,32
22,69
61,77
63,92
46,65
74,91
92,41
78,11
2,57
4,81
81,38
8,4
31,65
95,85
96,2
64,38
45,12
88,41
39,12
86,28
78,44
61,13
48,79
34,8
77,70
93,28
78,18
82,9
85,50
59,80
20,12
96,88
57,41
24,33
92,17
71,13
39,3
50,39
75,71
21,62
2,66
3,97
41,38
43,27
86,73
99,96
33,79
52,6
44,47
68,44
64,83
75,58
21,61
16,84
44,58
58,34
65,80
10,55
27,11
46,31
74,40
15,72
84,11
100,15
10,51
72,93
2,81
49,34
55,22
12,80
40,8
28,6
55,82
44,81
79,79
86,14
42,4
65,39
95,70
18,74
85,90
50,52
21,39
34,6
77,55
5,1
4,3
8,3
95,22
66,21
82,26
27,47
21,34
87,77
14,50
95,83
54,71
19,38
71,55
24,35
39,68
81,84
89,71
83,28
49,86
86,74
94,94
46,84
79,6
77,37
63,9
77,49
52,36
99,0
67,46
65,15
43,84
0,11
77,54
83,82
22,88
75,37
59,91
53,93
83,53
77,95
26,27
2,79
34,89
50,41
39,82
88,16
24,32
40,31
20,85
23,4
94,13
53,47
19,5
44,73
22,93
20,95
27,78
47,85
81,60
52,17
39,36
57,88
26,73
40,78
76,45
61,12
70,4
18,65
21,90
61,49
14,38
37,11
91,4
24,24
82,67
35,21
94,69
42,89
98,13
29,22
67,74
6,94
69,76
28,38
48,37
87,61
31,8
56,80
39,3
63,57
60,64
83,8
76,66
80,37
93,40
57,77
75,59
48,30
86,15
29,14
46,25
62,36
83,43
48,90
66,85
81,65
97,64
14,34
77,61
44,72
34,92
31,100
78,88
40,61
71,27
84,60
72,92
6,15
50,10
38,2
4,29
34,13
32,16
63,28
60,34
10,79
7,9
44,75
22,58
83,40
15,75
22,84
62,11
62,41
54,75
56,34
96,13
67,60
71,33
75,3
9,42
45,1
68,46
58,62
62,2
79,83
32,24
15,17
26,38
8,46
99,77
95,0
40,38
76,67
31,10
78,75
59,80
83,23
88,35
30,60
35,22
44,77
29,39
89,21
54,24
39,10
11,26
34,23
79,77
42,24
11,87
2,8
95,58
32,63
67,30
82,62
9,77
53,39
26,71
84,33
44,69
19,80
44,88
24,46
83,43
73,34
71,49
43,32
46,26
51,25
12,60
9,40
84,28
36,44
43,86
25,90
59,100
72,71
57,42
59,16
36,53
29,56
80,62
15,28
21,41
62,12
1,61
37,56
7,64
58,7
14,43
10,29
81,23
17,65
47,82
47,25
17,44
46,73
52,91
35,16
99,13
31,82
63,74
11,2
63,59
91,91
20,6
23,41
51,5
19,25
26,7
32,13
47,75
14,93
28,43
39,59
100,40
73,54
44,21
63,24
49,89
68,90
68,4
57,35
69,1
87,81
75,61
14,8
17,13
81,30
54,57
28,81
36,21
29,70
73,16
40,20
68,62
80,83
15,2
82,29
3,100
99,55
27,84
52,19
88,47
32,95
8,71
85,91
45,33
49,52
65,90
16,55
6,98
12,2
70,46
38,85
4,46
47,47
54,41
4,48
78,43
8,49
36,70
85,51
89,92
51,94
92,30
47,86
97,83
57,82
49,93
31,2
42,2
76,98
100,23
41,64
54,0
91,65
7,92
97,46
100,37
11,41
29,45
14,62
60,9
44,44
58,100
14,73
41,25
76,73
25,12
32,71
95,85
58,12
18,30
78,84
90,73
16,60
99,19
97,30
29,13
20,82
82,0
85,73
55,88
81,44
11,75
87,98
12,50
11,92
84,70
82,49
79,65
55,88
86,88
90,36
97,6
9,12
24,84
62,27
31,73
15,9
74,59
29,8
72,55
33,0
77,48
28,5
44,14
71,5
19,100
51,46
64,40
92,49
29,12
83,13
61,56
90,43
37,56
89,26
7,81
4,80
0,31
97,24
63,32
23,91
31,92
45,77
13,76
70,12
23,53
49,95
3,20
37,62
29,43
90,43
25,55
61,38
54,84
10,11
62,45
53,52
67,92
49,90
30,21
71,54
80,75
8,4
82,19
91,20
37,64
56,86
16,51
63,14
54,78
62,49
55,14
24,44
77,77
63,53
41,36
85,66
72,100
22,81
8,30
24,47
55,35
57,0
82,66
59,92
99,23
68,72
35,85
43,65
38,66
55,54
85,25
87,6
49,98
9,71
90,24
39,97
52,64
97,52
17,97
34,17
12,93
44,45
4,0
50,100
1,0
16,4
51,58
31,43
94,3
96,7
28,65
38,70
77,26
0,48
17,15
82,94
16,98
67,11
24,7
98,43
84,40
35,30
88,62
99,12
86,63
78,62
25,16
99,32
47,5
22,87
85,85
5,50
10,3
0,4
12,88
91,100
23,4
47,81
76,84
73,14
57,91
65,68
16,52
36,3
2,57
68,96
15,38
97,25
15,59
32,54
34,95
96,40
31,36
83,52
79,63
88,61
54,72
5,36
43,96
58,99
71,81
20,66
0,21
95,56
35,43
11,24
59,57
46,51
62,95
25,63
56,96
5,4
38,80
4,41
79,95
61,68
11,71
14,51
55,42
36,39
82,1
79,92
60,17
37,47
76,54
42,38
25,32
32,4
72,74
8,97
92,66
22,81
46,83
16,6
42,61
19,94
3,94
22,35
25,95
100,80
56,95
74,74
64,57
24,30
88,52
76,60
63,51
58,48
65,0
90,28
30,76
67,35
70,81
13,22
71,10
100,10
28,93
97,69
96,72
35,84
11,14
54,95
52,63
47,58
20,43
91,24
80,62
49,17
49,5
21,51
52,64
74,100
12,66
60,78
60,58
15,9
6,39
11,46
88,24
19,97
37,93
18,35
31,63
50,67
61,18
91,49
12,94
18,97
70,20
59,51
94,74
88,95
94,47
100,41
60,89
3,40
5,94
34,30
98,26
16,32
13,10
56,64
41,52
11,68
23,76
72,57
68,81
69,23
43,32
89,9
8,85
30,25
90,14
88,36
57,31
20,19
81,74
44,70
52,1
84,36
6,33
92,48
65,36
19,39
31,77
44,75
54,15
94,43
66,71
89,100
85,77
89,45
15,17
56,53
66,18
57,10
38,9
99,43
44,91
80,100
41,70
63,99
68,48
68,29
66,36
11,53
51,63
21,68
3,46
1,40
84,37
26,82
89,8
52,49
21,2
45,79
35,92
92,11
83,95
81,29
23,90
6,12
25,27
10,52
99,10
48,45
7,82
8,83
59,57
69,26
64,27
100,73
0,69
12,24
73,69
29,77
45,34
38,36
79,74
43,17
39,12
23,70
91,21
89,70
38,92
27,29
37,100
97,1
22,50
23,87
56,90
10,97
31,88
28,88
67,98
30,60
14,93
39,70
93,94
17,87
10,17
0,2
81,3
19,29
91,86
80,17
49,74
67,58
48,35
3,3
2,69
98,29
69,28
91,2
67,55
34,64
90,79
2,42
31,69
54,48
36,73
85,59
56,11
84,48
42,65
57,48
37,78
29,48
25,46
7,40
2,32
1,27
99,17
28,77
3,79
5,41
78,75
43,41
24,81
9,88
2,82
99,85
55,92
29,42
46,25
71,20
20,27
35,69
10,95
38,4
38,65
83,37
66,85
4,16
34,47
97,60
54,87
39,51
47,88
39,70
60,26
34,41
26,80
40,46
39,2
93,19
57,69
11,63
41,39
64,34
85,8
57,71
5,93
26,81
71,57
61,59
76,70
50,56
96,18
54,79
44,67
33,57
89,86
85,58
42,49
2,55
91,76
86,6
78,24
81,72
63,9
95,62
36,45
35,36
26,83
59,91
33,9
47,46
91,63
10,45
43,85
98,18
87,93
61,78
4,51
73,62
46,67
36,45
72,42
77,60
83,6
52,14
53,93
48,24
35,21
87,56
95,53
8,18
50,2
27,34
90,84
13,96
62,9
68,58
30,61
64,15
59,7
12,85
89,26
41,75
98,10
63,4
83,61
11,73
35,23
39,49
7,42
42,76
92,11
56,83
69,76
76,7
70,40
40,38
77,50
81,33
50,30
88,30
15,49
76,90
15,74
100,41
94,12
45,13
84,76
6,93
97,32
8,92
12,74
4,1
44,51
96,42
65,56
27,42
67,67
50,98
18,1
80,33
36,37
46,75
10,60
38,26
43,79
43,93
68,87
61,36
23,36
10,85
77,6
58,22
37,75
46,35
69,96
49,97
74,60
53,39
63,30
21,31
16,20
59,31
52,80
70,8
68,29
62,9
89,77
47,59
60,27
38,38
89,33
55,33
21,67
85,75
21,91
7,7
88,61
33,17
90,57
17,75
37,96
36,41
62,1
56,44
58,55
32,80
35,23
10,89
26,53
6,86
94,1
24,27
18,97
32,11
68,63
31,43
36,27
73,3
0,33
52,95
15,71
25,80
72,4
91,47
8,86
45,33
44,70
98,81
69,6
60,92
27,94
72,12
51,73
99,94
98,20
45,53
36,60
67,55
14,14
2,56
76,90
82,70
19,3
77,26
67,13
18,83
58,97
33,4
20,43
68,20
96,16
30,43
82,81
78,78
78,22
58,48
75,78
85,11
18,77
85,19
28,90
44,50
67,1
77,74
19,25
59,38
47,16
14,14
41,68
90,93
39,42
55,7
14,95
55,74
80,72
18,46
82,10
48,15
44,35
15,13
100,78
75,27
81,33
64,7
73,71
67,61
35,70
79,44
16,24
2,80
83,64
16,88
57,20
94,5
58,32
38,99
38,69
37,33
9,96
89,90
100,21
36,2
77,17
75,6
61,77
18,64
45,30
10,56
52,69
0,42
22,11
44,100
0,35
89,69
83,12
28,30
61,72
20,3
100,36
87,16
42,75
86,91
88,36
53,27
2,39
9,92
27,39
32,85
77,10
99,30
46,73
23,2
58,50
10,85
77,49
90,77
31,97
8,94
13,76
74,30
44,16
78,3
90,57
85,39
77,97
68,36
80,94
50,7
55,43
22,77
47,4
30,5
100,18
57,100
25,14
61,38
69,77
48,76
78,25
74,95
26,94
89,8
99,34
38,55
7,31
50,75
88,99
42,2
46,9
88,88
83,55
21,87
20,65
58,5
51,15
95,86
39,42
10,0
51,93
83,43
22,10
78,70
84,4
7,46
63,91
35,41
70,30
45,80
12,23
2,19
4,39
83,60
46,3
69,6
73,15
100,66
83,6
34,31
35,16
45,42
12,41
95,60
52,7
47,26
36,16
33,38
51,60
75,36
60,21
31,85
69,50
42,36
27,51
45,73
24,27
14,66
19,96
92,80
53,57
87,85
28,83
36,54
0,27
69,74
49,57
12,7
7,57
7,56
44,61
20,94
77,32
37,68
57,79
97,11
82,22
81,80
84,21
29,84
14,10
49,32
80,14
79,74
94,73
7,46
12,31
38,1
70,19
10,1
58,63
86,44
14,32
37,46
52,12
48,51
81,80
62,75
97,13
74,48
29,1
23,80
13,89
52,27
39,19
25,34
71,12
39,87
22,31
37,93
35,93
54,61
97,79
35,57
78,77
3,72
81,22
19,17
87,39
68,70
10,84
80,59
26,18
41,98
26,85
67,31
94,11
15,64
48,70
91,83
21,23
54,94
33,60
68,52
2,9
5,60
92,41
6,32
23,67
12,42
25,41
97,22
59,90
69,54
86,10
47,27
76,87
12,34
60,23
65,72
79,2
26,20
76,52
61,22
62,97
69,50
95,9
22,76
3,70
99,8
84,45
83,25
26,19
9,10
72,59
28,97
73,31
24,13
6,5
66,40
22,56
33,18
45,37
13,87
38,13
62,38
68,65
78,23
66,40
72,15
50,45
2,25
15,36
97,27
80,64
42,24
48,71
91,44
16,34
57,36
90,46
12,52
69,63
67,69
63,62
92,85
69,34
11,2
46,15
31,39
92,46
82,45
79,40
65,50
84,31
86,26
69,61
94,18
99,24
51,89
44,58
22,97
11,29
40,41
63,40
69,100
10,84
12,94
95,37
92,22
61,89
94,19
80,35
24,43
51,1
67,74
25,70
89,99
81,7
73,68
98,40
19,40
73,60
86,21
53,96
59,28
4,13
42,76
7,61
95,10
93,96
36,9
67,100
66,60
7,2
41,35
93,45
41,82
92,14
79,5
0,14
14,42
9,55
21,98
45,70
36,54
62,35
30,7
28,40
14,28
12,8
34,50
96,5
29,94
34,78
53,92
36,28
68,69
72,52
84,70
70,97
67,63
78,48
65,14
5,50
2,89
36,12
82,84
38,76
59,56
14,66
30,82
27,28
65,28
82,38
26,82
75,42
72,22
73,5
58,65
68,59
18,30
0,20
48,99
2,37
37,32
81,77
10,86
53,86
17,3
13,19
82,1
80,83
46,37
71,68
83,87
66,86
76,73
7,55
22,62
83,85
22,2
83,2
89,92
53,9
13,24
45,51
9,80
11,46
90,71
83,63
10,3
22,23
99,61
35,3
8,17
9,94
66,68
89,10
74,4
7,0
71,17
4,92
35,86
45,92
76,84
56,50
75,74
13,13
54,33
37,29
12,38
63,76
85,11
84,31
60,18
48,96
4,79
98,71
33,51
28,18
50,49
3,29
85,71
24,6
16,59
15,92
17,72
53,40
74,65
69,4
94,28
81,11
59,83
44,63
0,25
8,31
1,100
42,87
49,79
78,27
38,75
13,80
88,44
57,100
94,96
20,56
39,62
18,33
34,68
14,26
11,47
14,63
37,81
55,62
98,84
72,69
88,77
8,47
49,98
68,26
33,7
7,14
99,49
74,74
77,16
88,17
97,1
25,8
65,12
1,46
20,73
24,31
83,3
11,35
2,34
24,75
7,4
39,16
8,76
50,14
82,28
18,2
52,81
80,86
80,40
96,22
83,89
95,6
73,75
5,46
65,91
43,1
18,1
83,80
42,11
61,99
82,86
26,39
57,97
75,20
17,83
95,22
28,82
70,86
94,73
30,26
69,56
69,84
98,81
74,0
47,51
83,9
84,45
38,79
7,4
68,54
28,47
60,58
91,41
94,93
17,66
10,17
44,81
29,39
2,31
87,10
63,45
5,32
48,86
15,82
3,7
77,56
58,98
5,25
37,13
81,21
8,58
1,23
30,40
75,89
61,94
100,10
49,81
78,51
85,52
16,44
81,77
22,21
21,19
90,0
14,71
55,30
10,27
35,41
13,18
44,35
38,38
37,9
47,40
27,71
66,74
85,27
4,5
40,32
18,26
40,79
90,34
57,96
19,89
8,94
67,95
9,89
58,53
27,49
55,89
32,21
25,53
68,84
30,88
95,88
23,8
82,68
18,54
69,50
94,23
28,48
48,24
59,97
79,14
57,30
42,84
94,46
31,78
31,12
1,63
65,6
88,59
55,78
65,97
95,84
11,64
38,59
17,58
20,23
84,77
91,22
70,43
52,80
69,35
68,83
83,58
28,88
2,52
43,98
26,34
97,98
12,62
5,37
45,37
66,7
87,82
96,34
44,91
89,33
26,39
42,76
89,28
99,50
65,29
2,90
0,9
47,95
65,79
62,57
98,16
78,51
50,71
59,79
27,70
83,98
16,47
20,92
74,56
72,24
31,6
94,42
80,43
0,42
22,29
70,23
92,27
76,53
81,54
20,34
83,97
34,39
73,48
73,89
2,56
74,10
40,6
71,1
4,94
34,100
46,37
12,7
88,67
41,11
43,61
88,34
95,36
68,12
2,35
52,44
84,44
71,16
8,89
33,46
64,19
35,70
16,3
38,39
98,9
67,41
19,62
59,52
40,76
10,22
11,62
58,43
88,90
5,71
63,75
22,48
52,100
68,77
65,99
92,28
86,3
83,48
18,93
27,29
6,3
30,70
72,23
28,7
91,89
89,76
65,80
64,70
28,4
40,56
100,91
32,64
27,38
85,62
20,81
40,24
58,42
66,2
55,82
66,1
50,71
28,62
59,78
87,67
26,87
13,14
23,92
50,11
94,47
90,87
99,50
35,89
60,97
89,6
34,53
30,61
10,17
48,29
1,58
2,77
30,15
28,63
13,22
80,55
19,14
29,40
72,59
15,78
100,59
24,73
79,36
59,61
29,47
54,89
39,42
64,63
90,13
43,11
24,89
50,80
57,78
31,22
61,38
96,71
53,36
50,34
27,95
72,87
13,98
22,12
56,100
48,79
90,33
33,68
64,79
82,7
48,25
64,98
63,19
31,71
74,97
52,75
43,8
40,66
54,88
86,8
30,70
75,54
90,35
95,36
52,1
12,44
55,24
66,33
85,11
69,11
84,62
95,51
78,8
5,76
69,32
32,53
5,18
0,52
71,44
10,32
64,63
68,92
89,27
96,45
24,30
7,38
68,78
86,12
67,6
47,69
46,12
92,12
95,28
92,61
77,90
31,71
78,52
55,49
16,38
33,9
67,10
65,31
97,60
60,81
80,52
29,68
13,19
24,58
99,96
12,81
51,69
67,35
81,10
20,63
45,80
42,43
59,7
64,18
95,65
56,76
58,58
41,84
31,79
90,38
96,49
88,7
20,65
33,76
95,86
3,21
16,37
39,41
7,54
91,39
74,19
26,27
49,84
37,41
30,53
62,71
28,6
92,17
3,12
83,87
31,6
18,67
49,96
61,97
90,100
13,23
73,56
12,55
2,41
43,2
54,49
15,62
100,83
18,72
27,66
43,17
10,74
54,33
60,3
74,8
100,28
57,91
74,26
65,60
87,30
99,28
72,57
35,92
97,99
79,92
32,94
11,97
43,91
80,53
18,30
94,85
59,73
61,72
26,88
72,6
22,60
59,98
63,9
97,17
93,17
33,84
50,17
29,50
42,83
8,22
58,72
44,7
83,48
72,97
45,68
57,49
48,38
68,24
89,68
70,75
65,32
26,40
91,54
4,48
61,96
45,53
52,26
65,60
47,58
96,89
2,42
36,59
68,75
26,15
39,75
49,75
78,30
75,74
100,57
13,65
3,26
87,78
54,14
51,16
62,26
43,11
44,37
87,40
0,15
33,98
27,61
11,6
64,13
23,89
33,88
59,45
84,27
57,15
57,33
47,64
99,48
90,57
36,15
100,86
89,67
75,91
45,39
53,31
20,91
23,42
88,68
98,81
76,95
89,86
32,82
73,74
8,3
79,63
50,14
52,82
63,67
98,94
38,91
25,34
83,71
8,72
70,1
5,30
52,35
23,45
93,88
2,42
34,50
66,12
55,38
98,10
99,86
5,82
80,22
86,14
27,29
64,67
34,23
89,63
93,4
35,31
99,14
89,51
91,84
27,16
81,61
92,34
77,69
28,30
41,38
8,58
39,42
21,32
49,87
89,31
95,10
44,7
78,55
32,22
65,6
70,87
56,28
54,81
18,32
5,15
53,91
29,25
80,35
26,28
63,63
57,70
57,3
35,21
76,18
60,45
68,37
22,56
72,46
66,97
0,92
26,1
83,81
17,94
57,41
4,33
6,83
20,85
42,14
58,38
78,81
75,81
63,11
54,28
39,97
57,25
88,38
16,73
11,89
62,2
24,92
38,75
50,34
59,89
45,48
30,79
92,23
94,80
52,43
68,11
3,32
28,47
10,25
15,71
26,17
27,22
82,84
23,8
93,18
7,99
91,41
63,68
80,26
45,24
80,6
13,48
100,14
28,71
44,75
60,68
74,78
89,43
3,99
49,40
75,72
64,41
92,69
29,67
70,65
87,79
60,63
46,3
0,26
25,96
16,39
1,94
57,79
35,97
8,86
60,73
50,68
14,2
87,100
70,16
55,13
14,75
42,80
90,25
31,35
8,0
22,59
9,57
0,62
84,78
9,49
31,32
13,23
20,61
62,10
21,51
12,99
76,66
67,82
98,73
48,11
85,29
96,90
1,4
63,86
3,55
83,5
47,81
100,12
61,33
9,58
83,42
59,1
28,70
92,12
53,27
68,29
8,71
43,78
7,67
68,72
66,26
81,10
78,31
39,67
52,43
44,10
53,18
76,12
25,28
100,87
96,19
76,90
11,97
89,82
33,34
0,2
51,48
84,14
11,94
50,42
96,47
38,64
20,37
100,71
14,31
92,52
3,97
26,59
8,78
24,65
63,44
25,77
70,43
25,77
93,40
11,19
82,98
97,62
89,7
10,37
78,85
70,94
59,54
68,86
56,67
72,86
90,55
77,22
92,99
87,86
50,78
71,15
94,79
81,35
23,52
71,65
56,99
46,77
87,51
12,15
79,100
31,38
54,19
29,77
21,59
9,41
23,99
80,37
40,45
53,43
2,11
11,4
72,96
57,12
87,75
85,81
67,16
87,12
7,3
9,100
80,42
9,15
92,7
100,6
95,6
81,96
66,10
52,85
73,80
3,85
10,42
8,39
10,61
65,87
38,73
64,98
28,64
85,75
27,58
61,22
65,12
77,22
17,89
70,45
81,68
79,24
47,50
51,15
91,68
97,11
56,76
76,60
16,94
51,77
39,58
18,55
92,83
74,7
41,1
0,4
48,52
55,13
76,90
84,33
35,72
80,62
64,13
26,28
80,71
31,98
81,46
0,81
1,61
13,21
41,73
7,69
63,56
40,0
5,20
28,83
72,96
71,85
68,23
50,73
35,66
57,81
94,2
15,51
4,45
35,8
25,93
78,15
2,88
12,78
0,1
44,39
100,48
36,13
84,41
53,70
14,23
34,71
92,70
84,48
75,33
12,79
75,93
2,70
19,33
99,14
69,69
22,91
67,89
84,34
11,95
35,63
33,13
29,8
61,27
12,45
60,87
39,13
91,75
66,75
41,26
84,46
55,14
8,76
68,81
11,72
63,75
96,99
79,40
27,59
82,1
45,71
84,100
92,49
100,40
39,50
48,34
2,32
78,54
64,75
16,77
18,2
99,64
41,89
74,34
2,37
88,10
14,0
82,72
10,27
48,58
56,92
7,49
49,38
89,0
72,2
84,6
77,78
28,41
35,65
35,26
14,40
29,22
23,21
87,97
14,68
81,19
25,91
27,41
82,68
4,96
80,27
45,90
99,20
40,38
89,94
42,95
89,77
31,47
8,13
5,59
9,10
18,48
77,2
83,51
57,33
93,1
31,47
47,27
0,25
63,38
67,24
8,84
18,14
55,60
32,82
80,2
54,32
22,85
54,80
97,18
46,59
14,17
6,31
46,58
18,37
62,28
36,95
9,0
56,33
13,78
76,2
30,63
73,14
60,85
68,24
54,20
52,6
53,96
88,61
46,36
47,36
91,11
96,51
32,16
34,21
95,88
91,95
54,44
49,86
71,58
76,31
61,42
65,42
89,38
27,15
63,74
60,90
56,67
94,36
65,82
93,69
59,36
72,88
89,5
94,57
10,76
21,29
12,33
43,89
4,51
46,18
46,23
12,26
72,82
28,39
99,26
19,92
59,0
14,81
79,0
45,48
21,17
58,53
47,98
70,36
15,25
26,93
48,77
72,13
82,97
98,3
61,1
40,37
65,77
89,6
72,97
22,43
51,31
26,30
27,76
63,6
11,15
95,97
40,34
30,22
17,49
69,10
52,16
72,36
51,73
55,12
16,18
51,74
46,28
96,57
71,97
52,46
93,65
77,14
63,99
1,71
99,78
38,60
99,79
69,9
68,65
27,98
100,68
13,45
99,52
93,29
14,60
53,55
67,83
89,23
64,2
53,10
17,85
43,55
78,38
65,41
59,69
3,11
36,53
72,67
23,48
59,64
68,58
97,30
68,84
85,27
27,38
77,78
26,30
72,31
40,16
0,15
42,13
33,10
87,5
6,40
44,62
93,57
29,12
75,73
26,68
95,22
33,14
72,58
70,91
86,22
47,99
75,76
68,63
45,64
28,19
34,88
79,80
86,22
1,1
100,30
99,87
65,28
50,77
29,49
85,2
33,62
97,91
59,50
45,78
87,6
7,33
89,78
56,83
45,45
93,55
9,81
74,22
67,5
42,7
28,30
50,54
52,86
8,28
51,45
9,17
66,59
15,55
9,17
98,65
86,44
48,45
21,32
48,84
22,20
19,46
1,81
11,36
62,50
63,93
65,63
44,77
94,35
85,91
21,74
53,48
64,39
62,66
22,61
57,63
32,18
9,69
29,20
58,14
9,58
37,53
6,17
62,21
52,29
46,22
58,96
1,72
93,67
79,84
90,97
31,55
69,28
5,4
80,96
40,5
42,75
84,56
76,20
70,7
65,19
13,25
56,20
59,54
50,40
69,72
42,54
3,96
98,95
94,75
33,86
14,8
60,60
96,88
51,65
91,6
10,17
56,67
35,18
60,92
35,94
51,61
39,12
29,86
36,49
74,17
81,55
64,86
25,100
88,10
6,49
30,64
74,16
58,13
79,29
41,20
90,62
76,3
84,8
16,63
29,81
85,19
47,48
96,55
40,84
85,51
40,49
60,25
27,97
20,3
93,88
78,93
60,49
68,73
6,63
46,78
37,66
70,34
61,55
83,58
21,73
31,77
13,46
77,41
77,58
11,5
76,86
75,98
6,90
81,89
88,47
16,43
69,87
11,83
79,95
78,81
93,32
17,48
61,19
67,96
77,29
90,3
90,12
43,61
35,66
61,44
82,79
70,0
77,17
9,45
51,39
86,14
45,98
99,40
35,26
57,35
88,4
51,77
91,44
65,17
17,19
77,31
1,46
16,10
8,19
85,71
60,40
25,60
42,65
67,22
33,60
23,12
74,89
72,52
79,80
71,72
57,21
50,42
58,86
2,70
34,76
6,7
59,81
31,93
50,4
21,17
73,72
64,80
82,20
89,57
74,27
63,8
59,8
67,25
53,6
45,88
55,37
2,34
79,34
64,63
55,39
1,20
72,92
8,3
49,11
60,89
99,66
36,24
28,9
19,53
97,73
91,0
35,79
35,11
4,73
56,10
37,3
73,84
5,64
35,18
78,98
62,41
40,4
77,19
9,74
36,24
38,50
6,97
6,82
93,88
54,88
0,12
91,89
15,64
93,42
63,98
44,80
54,31
38,98
94,84
59,29
74,11
73,4
56,60
74,19
40,42
83,22
78,51
64,84
94,52
8,44
30,97
35,59
41,40
74,26
36,17
85,99
15,75
71,75
0,26
37,15
24,91
50,64
53,47
25,70
29,89
80,71
30,100
100,22
34,1
85,3
78,93
24,79
27,47
20,6
92,55
20,61
89,76
59,67
22,95
77,59
60,29
97,27
93,97
28,15
61,49
15,57
47,40
62,12
61,1
21,79
90,0
63,65
39,13
46,72
70,91
40,82
76,16
46,26
22,45
11,67
97,98
64,46
37,95
81,64
70,15
83,52
31,68
97,2
93,11
2,42
12,8
14,13
93,45
29,30
57,5
58,83
1,3
45,96
67,3
64,88
34,37
80,99
62,26
96,66
53,100
36,27
46,57
61,87
63,81
41,93
75,15
89,26
100,31
29,93
66,52
1,21
55,26
3,24
10,31
51,95
98,37
12,18
87,47
49,19
14,45
55,28
95,78
45,26
3,15
88,10
60,6
2,8
41,97
69,0
73,48
58,40
38,67
25,26
45,86
62,38
85,68
99,36
17,35
0,95
86,82
36,26
88,79
56,97
44,50
90,93
10,65
3,62
10,3
69,33
89,80
72,95
65,37
58,58
50,99
1,7
84,62
87,65
91,28
28,37
30,29
27,99
37,40
21,33
54,16
83,7
82,1
19,54
71,22
1,95
28,11
5,77
89,31
76,16
5,18
53,97
72,70
29,45
4,6
19,58
58,19
83,41
3,98
62,41
27,84
94,15
71,93
66,30
85,35
68,47
79,21
95,87
8,58
66,89
38,0
95,34
92,68
74,88
89,74
70,57
3,32
47,18
96,4
18,55
44,87
82,16
52,67
92,28
68,66
44,2
63,62
40,80
42,5
76,42
65,47
61,43
55,88
63,90
41,1
7,83
35,100
21,45
69,6
69,49
57,68
34,51
65,29
27,93
18,13
70,8
58,73
41,12
6,40
32,76
56,77
98,87
51,91
93,89
97,67
14,54
98,100
35,16
78,96
10,29
76,78
28,9
79,0
84,50
10,79
38,81
97,49
85,65
45,47
61,18
57,73
53,9
90,63
18,46
26,52
77,95
29,59
27,13
61,100
100,79
52,2
54,94
61,92
11,24
92,30
16,37
17,93
74,72
67,33
58,54
47,86
83,22
69,37
56,59
65,88
27,100
60,31
44,62
5,35
10,79
5,88
53,9
91,46
14,87
36,89
63,10
73,8
25,83
77,60
17,100
24,40
81,59
53,27
96,44
1,4
74,65
12,22
43,5
12,17
45,36
50,94
29,44
62,63
69,2
55,71
47,9
25,42
20,17
54,4
31,49
63,38
15,3
49,37
29,56
76,70
94,68
13,16
35,87
48,19
51,31
64,14
96,31
67,32
29,31
46,52
84,52
59,4
47,18
76,73
87,93
83,47
47,79
82,52
32,95
31,56
41,78
19,9
92,48
83,80
32,41
64,37
86,56
2,54
47,70
82,29
89,0
31,75
17,61
62,22
56,22
37,80
41,5
23,75
66,63
62,4
82,47
30,9
84,68
77,79
16,27
8,73
9,62
53,45
33,100
82,26
0,49
82,86
46,39
18,55
42,3
14,91
100,88
29,43
81,77
79,88
88,64
61,3
48,31
6,0
24,7
54,69
57,88
47,87
29,9
31,20
98,45
60,50
26,100
29,60
14,51
59,73
85,28
16,22
1,12
49,45
44,50
22,23
71,62
40,95
50,60
43,48
23,48
22,84
12,45
23,80
41,13
50,34
21,26
67,92
21,86
25,90
5,58
77,52
71,89
74,46
80,13
76,68
65,15
90,27
29,95
95,72
72,26
54,36
5,87
71,38
49,47
55,39
40,69
70,92
21,92
93,63
75,33
79,14
90,21
75,24
60,93
47,92
4,78
86,4
26,75
2,10
71,98
8,58
13,0
98,95
41,68
61,17
67,9
82,87
76,19
63,63
40,9
19,5
89,16
0,93
52,34
37,28
23,80
64,13
81,87
15,72
4,94
47,43
78,47
61,22
60,37
49,68
99,32
41,68
0,55
50,73
83,79
18,39
76,83
52,82
95,94
1,8
16,67
24,23
26,93
78,57
25,64
24,41
84,79
51,22
23,68
47,91
87,45
87,92
16,32
80,47
55,28
41,9
78,83
48,79
84,66
20,61
18,75
26,71
3,28
67,41
59,49
83,63
84,61
52,90
34,55
28,4
14,47
40,58
82,53
32,11
39,52
13,51
56,4
17,12
4,88
7,70
82,20
92,97
44,12
79,66
49,70
79,92
59,19
7,69
17,14
55,66
100,70
19,75
20,59
8,11
78,10
48,9
70,91
35,69
100,16
3,11
73,83
96,27
18,18
58,74
26,48
28,19
48,93
17,29
52,27
73,67
72,15
61,81
97,35
18,49
71,26
61,32
16,7
19,0
1,58
53,59
9,48
38,72
12,6
48,26
80,66
33,35
92,48
2,82
10,92
2,20
56,6
40,99
15,86
91,42
73,41
31,78
53,23
42,93
27,9
13,93
58,40
91,58
72,10
32,28
71,96
19,68
30,21
40,80
55,36
23,100
44,9
38,17
60,60
17,20
46,45
53,38
46,96
30,48
2,3
93,86
7,86
99,29
66,22
70,98
73,63
79,20
27,67
68,29
70,90
18,30
23,19
34,61
49,96
13,95
48,93
81,59
22,46
28,15
3,68
41,43
55,67
95,11
35,81
53,60
100,99
57,68
85,81
51,86
83,82
9,77
26,19
91,95
21,0
92,69
69,95
37,36
31,34
32,48
58,54
37,5
6,70
93,50
2,15
91,11
68,63
18,85
55,9
0,91
15,76
35,14
99,51
51,99
58,57
9,45
46,63
33,34
5,46
45,42
44,11
14,8
47,80
44,59
100,5
84,7
78,87
6,74
26,70
30,37
29,93
90,47
82,21
5,3
32,64
62,99
15,68
83,45
70,62
13,22
96,100
83,55
88,78
98,14
74,62
92,16
55,13
8,29
8,3
19,23
73,3
34,0
54,17
78,77
54,31
44,94
23,5
97,26
95,94
27,28
68,66
29,85
94,74
7,50
97,19
88,9
52,25
69,54
4,20
48,17
74,77
32,44
59,28
88,60
100,32
28,28
44,5
79,70
71,46
21,49
3,82
3,65
32,82
83,35
55,7
74,47
78,30
58,69
9,97
76,60
82,46
4,40
17,48
87,11
82,26
45,45
88,53
100,23
14,36
86,5
6,67
34,82
23,78
91,34
62,43
44,12
37,93
3,9
27,28
41,87
99,16
78,50
54,29
30,78
37,55
78,25
49,68
48,56
6,61
67,52
63,70
65,51
16,77
86,77
85,98
95,84
91,46
57,73
35,43
75,95
98,37
60,1
44,63
75,35
41,61
5,49
20,74
58,62
52,47
71,33
84,81
1,28
4,23
9,73
54,36
55,29
74,36
90,46
48,9
29,82
47,67
3,60
12,22
14,91
59,58
27,12
34,48
55,40
17,70
88,58
78,59
37,43
75,43
29,58
36,68
60,30
91,96
53,5
92,50
95,60
82,14
83,26
92,12
5,12
63,44
84,74
67,61
86,56
38,25
4,27
19,10
81,31
93,75
56,11
54,60
53,26
4,7
76,79
28,57
30,10
29,9
59,82
44,91
39,98
37,88
85,41
73,10
91,47
83,86
59,34
44,41
62,81
31,77
79,91
83,13
23,1
11,36
97,22
41,6
2,6
82,4
31,35
86,96
81,98
47,94
55,60
58,33
98,82
28,27
30,37
58,46
12,41
4,59
63,52
55,31
17,37
70,44
71,85
26,62
18,97
67,62
6,35
57,9
79,14
96,25
31,98
48,31
29,4
37,5
90,100
100,76
7,75
39,72
4,0
49,1
78,14
22,81
97,71
77,89
91,86
1,61
67,30
51,87
87,84
9,84
78,59
5,17
22,52
56,87
50,51
78,81
97,47
24,38
31,73
16,51
7,66
15,34
70,18
16,1
91,83
38,63
11,49
32,89
1,54
24,33
92,96
58,77
39,93
77,7
20,29
100,41
76,79
21,39
65,52
37,42
52,41
71,79
70,80
27,39
29,12
3,49
27,99
43,9
77,38
10,10
98,21
81,19
17,24
21,76
2,98
24,31
63,15
31,68
84,87
68,86
78,10
71,7
58,50
42,19
30,42
37,45
98,98
15,94
50,9
93,32
47,66
57,67
11,97
82,7
100,80
50,89
0,90
96,95
13,30
73,54
19,71
30,64
33,81
56,61
42,75
65,46
52,12
70,43
57,70
28,97
55,52
83,18
37,7
97,45
12,82
90,91
72,88
94,91
61,62
50,42
40,39
15,36
15,58
58,78
93,68
48,35
36,94
19,56
40,24
50,97
2,65
84,85
79,1
0,25
23,31
48,22
27,94
52,20
10,37
75,94
79,48
74,32
68,16
94,22
93,41
11,32
90,81
47,53
18,58
3,31
99,100
32,18
89,41
49,47
80,46
52,12
81,78
54,64
73,73
70,82
86,58
39,0
93,61
86,48
40,7
89,93
85,82
24,31
54,75
45,24
35,15
8,81
57,62
43,53
52,68
8,62
79,58
70,15
37,47
5,8
57,58
40,14
63,44
34,4
36,50
52,66
97,27
34,99
53,49
65,32
31,94
22,64
22,76
37,90
16,70
81,1
100,81
6,20
86,24
43,46
67,64
41,54
49,21
58,61
31,52
46,88
96,18
0,93
86,26
6,90
99,99
29,69
1,81
49,12
67,46
39,8
33,73
94,69
20,67
38,100
32,7
100,63
66,20
57,75
45,4
27,12
81,3
12,6
49,84
58,83
32,99
83,25
93,25
67,35
41,99
90,31
31,65
30,27
91,100
95,19
39,53
87,80
26,51
79,99
57,24
100,35
98,15
44,50
34,50
36,12
92,88
18,48
50,13
40,4
82,92
95,48
100,18
49,44
47,78
59,97
76,67
69,52
84,53
65,91
73,84
53,17
11,96
76,67
53,92
29,47
57,10
32,97
32,18
8,80
57,100
53,59
52,10
88,25
7,60
37,63
29,11
0,67
62,11
12,68
49,67
82,77
35,22
27,13
67,64
95,14
58,46
29,99
30,40
92,61
88,10
2,81
29,0
11,56
15,54
12,15
2,95
89,50
73,58
29,38
68,17
63,69
78,14
73,5
3,47
66,90
67,5
33,50
51,33
95,1
51,58
75,66
54,38
37,78
48,26
44,39
53,22
99,94
8,20
12,58
33,39
96,6
60,38
64,81
71,89
99,82
46,15
86,95
77,6
50,18
86,68
65,33
52,32
68,20
93,93
1,50
54,50
82,22
5,99
87,7
41,31
92,68
100,95
18,25
77,23
44,56
94,8
17,62
49,51
86,98
99,85
46,37
74,42
29,80
90,20
0,19
39,49
67,42
31,87
74,58
61,76
35,6
40,30
32,57
33,79
30,44
79,46
21,68
66,65
32,91
91,42
5,49
48,62
81,12
94,15
34,25
77,20
46,1
37,99
53,83
78,79
43,79
15,24
31,17
86,71
48,15
6,65
22,28
45,65
50,72
64,97
33,55
82,88
88,19
29,8
9,96
68,10
20,81
20,78
13,45
52,29
95,62
29,37
60,53
10,69
0,59
92,24
32,43
26,64
94,56
44,55
2,61
87,100
90,47
10,98
23,51
93,38
96,31
93,63
33,21
27,92
35,39
74,40
32,10
3,84
77,73
93,24
23,99
27,83
23,54
84,68
16,7
0,9
74,90
25,37
17,13
63,86
13,50
5,1
6,15
24,82
21,70
54,42
42,64
51,65
9,29
49,35
96,73
32,38
15,42
97,75
13,29
40,81
90,9
37,47
46,98
83,42
17,99
74,91
56,23
32,64
57,43
79,47
18,18
39,15
22,65
3,74
91,93
79,16
40,20
56,74
0,15
10,51
80,30
38,59
29,42
30,21
2,79
69,84
80,86
79,96
85,0
57,10
70,64
76,37
67,7
67,2
81,23
7,96
50,15
39,80
7,5
24,30
70,73
60,92
99,48
71,93
31,89
76,52
2,57
19,4
36,72
19,34
73,10
38,99
36,92
66,56
6,14
73,44
96,51
78,29
35,91
54,63
38,28
76,26
7,83
70,89
20,6
96,97
82,75
65,8
3,53
54,69
40,81
62,43
17,80
45,99
86,92
41,20
49,54
94,71
33,70
43,18
63,0
62,61
49,62
38,82
48,43
24,76
35,38
23,20
45,88
45,39
27,49
28,37
17,31
61,100
100,41
30,50
78,53
27,62
79,53
56,69
43,47
39,43
43,24
81,69
36,46
71,50
77,20
57,98
41,87
24,1
7,5
61,86
20,78
85,94
98,13
58,67
40,55
84,46
32,24
50,87
70,98
57,17
97,13
33,58
43,24
40,93
73,54
4,17
71,61
51,66
27,23
59,3
35,74
0,63
56,9
46,75
26,40
6,26
92,48
84,44
89,94
30,94
25,68
66,44
30,15
7,29
54,40
29,24
12,40
22,33
82,30
70,79
4,19
73,39
16,25
52,39
90,0
40,72
9,87
29,46
35,57
21,76
88,59
5,72
31,32
33,32
46,73
42,31
47,0
10,55
32,60
58,29
34,94
71,59
62,37
16,98
34,36
27,53
16,55
20,14
49,93
91,81
33,64
71,49
77,5
60,37
5,44
11,0
98,61
76,81
81,24
35,85
7,41
64,22
82,100
14,5
50,44
55,17
67,56
35,90
94,2
5,30
81,49
78,6
42,80
70,68
29,14
96,20
95,82
13,88
22,82
7,85
96,64
10,71
90,80
14,61
93,51
89,15
55,56
48,48
53,100
60,11
37,25
82,6
21,77
93,86
69,91
19,37
93,62
46,18
65,4
55,36
51,26
60,93
38,95
96,82
65,60
1,23
34,59
67,53
35,78
45,90
48,21
81,35
47,48
53,0
86,11
89,32
70,71
83,29
6,13
56,26
82,51
15,63
74,18
17,69
25,36
5,45
46,68
3,84
99,46
10,74
59,91
27,10
95,29
79,2
11,52
65,86
31,100
13,52
20,78
79,74
77,31
69,62
55,13
88,88
37,76
8,27
31,30
89,15
43,13
28,58
16,69
44,14
86,24
44,84
71,21
36,84
52,54
81,99
81,87
32,6
6,30
17,9
1,5
65,32
21,22
2,10
20,55
57,85
78,93
52,34
16,79
52,100
42,81
100,74
8,33
60,85
14,86
36,16
41,0
88,71
69,34
34,39
66,21
38,11
60,79
60,56
87,18
15,16
10,18
9,77
74,31
73,57
86,1
35,82
85,71
90,45
61,18
7,8
85,44
75,39
7,4
11,26
46,66
24,93
11,41
93,21
79,3
100,46
91,42
52,71
24,83
66,7
4,72
61,58
100,4
30,14
0,16
89,45
49,79
28,22
36,3
51,69
83,22
68,99
76,12
100,47
77,75
1,36
96,79
62,98
83,95
55,55
70,72
86,15
11,50
36,19
42,81
56,84
86,75
18,84
87,51
9,46
31,50
3,5
24,66
42,74
50,70
85,82
74,19
58,52
48,90
49,85
87,70
25,50
89,46
46,96
2,93
45,4
66,39
12,11
89,25
43,93
23,25
92,96
10,24
42,24
6,17
32,4
79,43
34,50
40,93
59,44
64,75
8,90
72,79
82,80
83,19
58,100
64,81
55,73
95,86
58,7
68,40
86,39
35,4
53,20
87,8
51,9
81,26
85,5
83,22
27,12
24,70
55,71
72,61
86,49
59,15
74,98
76,87
62,94
66,25
48,20
70,47
32,44
12,56
60,79
45,50
29,91
74,77
25,9
7,59
80,5
66,57
6,6
46,35
49,93
82,97
21,75
40,52
99,98
46,1
73,38
2,18
20,40
86,65
30,21
81,28
87,94
91,93
74,54
95,19
45,13
16,74
81,66
47,56
91,54
10,40
21,24
37,77
97,46
4,95
99,100
25,55
12,2
76,84
65,27
35,28
59,60
95,35
74,35
10,59
13,29
56,41
58,3
88,96
41,9
41,87
54,42
80,67
55,30
71,41
48,95
80,10
77,26
64,71
10,54
67,92
74,33
77,11
31,21
9,5
44,47
95,70
87,63
71,37
39,23
14,66
25,13
40,6
100,0
71,38
8,19
66,88
72,57
37,57
13,75
91,86
34,12
40,56
99,80
21,59
57,93
91,98
76,34
54,58
55,93
28,87
21,11
15,53
29,18
13,80
84,20
48,60
39,76
38,69
16,56
91,30
33,77
71,60
67,51
86,57
99,83
72,60
96,39
52,75
2,64
33,29
47,5
34,28
9,100
33,98
24,21
18,21
33,66
89,55
78,47
45,76
70,49
67,70
72,15
34,94
48,98
12,17
88,98
24,55
25,82
42,81
99,11
36,16
23,99
40,90
81,62
71,35
85,58
63,41
18,72
87,0
66,57
0,12
9,17
4,76
94,43
38,39
16,87
36,33
27,17
82,60
63,72
15,28
95,63
95,49
12,95
39,48
23,42
55,70
37,87
28,52
92,93
19,68
54,96
70,96
62,84
90,20
32,37
22,12
96,27
38,85
22,39
19,74
18,35
48,31
36,70
38,94
85,48
85,34
13,92
77,5
44,29
27,43
3,39
90,23
22,18
2,45
99,99
14,7
21,20
87,43
41,7
31,64
68,16
43,57
68,90
16,6
82,68
26,5
34,85
24,32
54,7
62,88
6,29
40,80
94,68
51,49
16,53
15,55
97,60
13,83
67,93
57,80
90,10
0,73
47,83
23,0
61,30
87,55
88,31
14,52
12,41
48,50
58,42
21,52
35,92
19,88
96,27
15,100
59,41
39,72
66,29
40,73
75,41
80,46
49,46
50,28
52,78
1,52
72,8
48,98
90,71
45,14
42,89
100,45
55,31
69,11
50,89
36,54
70,85
35,82
32,94
15,66
79,43
45,12
74,32
40,1
83,5
9,65
0,56
80,25
58,66
85,47
59,23
88,90
65,11
1,24
57,38
25,34
76,32
9,2
60,14
23,92
27,59
0,28
36,82
74,53
75,56
18,67
22,60
10,70
80,64
57,16
57,54
54,68
69,78
27,94
89,55
92,70
92,52
71,74
75,36
55,33
60,8
12,31
30,23
56,59
85,48
27,52
27,74
93,35
45,24
72,49
27,24
26,42
33,22
36,46
41,15
40,66
34,50
59,38
60,54
44,91
59,88
99,55
35,40
70,18
41,39
4,68
46,40
58,39
43,36
84,92
67,47
79,49
45,24
23,12
22,35
57,78
60,18
47,79
40,59
35,1
14,93
84,91
62,76
84,43
63,27
56,12
24,6
21,22
53,80
28,84
46,49
100,79
90,92
9,53
83,49
83,64
14,10
44,80
37,78
14,28
63,31
80,65
88,47
35,61
53,34
66,20
77,64
52,48
51,62
37,91
82,65
48,20
86,6
20,1
11,50
36,56
99,12
17,26
55,20
97,71
91,88
100,58
73,71
20,49
17,86
39,66
17,23
33,38
3,83
85,42
9,54
76,13
3,9
53,56
20,3
34,6
30,51
4,37
30,87
21,58
52,32
46,80
33,65
61,10
31,86
13,72
23,58
12,31
13,28
68,90
7,58
76,61
38,84
60,92
37,97
75,20
64,60
81,93
69,97
30,77
69,76
22,86
14,82
27,29
57,15
51,48
21,50
47,71
72,82
0,38
43,66
13,4
79,43
31,71
68,86
35,84
59,39
66,24
19,79
14,70
74,32
74,57
94,99
51,83
6,80
0,13
50,44
13,72
99,47
25,60
55,35
29,81
37,66
74,56
85,71
5,79
8,82
90,98
57,0
33,97
36,19
45,66
60,59
81,26
38,12
31,69
83,72
79,47
27,82
42,71
87,36
32,92
7,68
65,27
42,36
75,99
36,47
48,46
99,74
44,88
94,92
57,27
5,60
16,97
62,72
74,58
6,79
63,9
46,53
83,18
58,39
8,86
93,81
41,55
71,4
12,79
82,89
17,100
35,25
80,19
30,88
75,70
89,37
50,48
54,91
51,60
80,75
93,8
3,20
19,43
63,75
46,95
46,66
95,7
23,16
44,35
13,77
25,79
0,8
57,0
15,49
34,59
30,46
24,20
12,3
42,34
98,52
4,98
67,43
99,100
55,1
33,31
3,54
26,65
97,73
41,70
37,51
91,97
7,43
18,55
34,76
8,24
84,62
4,84
41,27
51,56
65,4
99,24
80,73
15,64
25,43
66,69
15,2
50,41
77,92
62,55
73,3
32,69
24,94
17,41
90,73
52,57
8,32
67,5
56,52
44,57
49,45
9,60
66,54
41,37
94,56
3,42
29,41
93,36
16,44
92,30
17,52
85,51
90,37
56,91
62,8
30,86
34,12
59,67
53,17
90,33
59,56
43,25
96,69
84,12
29,24
47,83
99,80
14,99
81,47
92,99
28,59
9,88
64,89
69,72
91,58
87,0
65,36
26,37
33,94
70,4
73,82
90,34
24,39
25,91
4,1
84,62
17,7
52,4
16,75
52,62
91,77
75,53
2,97
10,97
72,89
3,38
83,73
34,12
69,57
28,17
15,29
99,54
39,62
84,40
15,71
94,41
12,65
15,8
47,73
85,71
79,55
100,31
79,43
32,54
28,81
11,42
81,33
22,63
76,88
25,16
16,46
35,87
85,48
94,96
13,79
59,64
39,25
18,57
0,93
52,74
58,15
34,19
83,42
68,9
100,50
44,23
61,19
99,82
100,2
99,56
92,19
63,53
91,96
14,90
63,10
54,71
45,69
100,82
5,48
84,59
97,33
20,64
82,25
95,13
38,79
86,94
3,79
86,74
51,7
18,44
45,16
62,29
33,99
2,15
7,94
49,46
26,93
40,70
18,2
49,57
18,39
23,25
56,96
100,70
24,53
60,31
59,86
15,32
82,86
37,13
94,5
65,10
6,53
83,16
100,7
30,63
25,82
27,82
20,48
90,85
80,35
63,98
23,63
40,50
85,89
19,65
98,43
46,37
51,14
14,38
13,58
5,55
58,91
86,38
78,13
71,47
19,92
30,10
32,85
18,79
0,2
56,26
87,63
34,97
55,92
46,1
77,1
40,54
2,19
68,69
24,75
77,68
42,91
44,83
7,57
87,94
97,2
30,88
66,1
52,12
55,46
30,92
46,53
44,8
47,33
12,84
52,84
13,70
90,77
56,25
53,4
34,52
29,44
19,55
7,75
75,8
28,24
51,4
19,27
92,71
75,98
17,26
80,80
7,22
40,46
1,33
80,58
16,45
25,75
93,67
54,98
35,86
12,89
12,97
60,57
59,14
53,56
9,25
98,100
38,19
74,80
41,48
79,9
5,43
90,66
63,35
68,98
96,86
56,17
78,48
17,49
18,42
49,31
1,48
45,70
5,70
83,8
16,22
16,8
73,78
4,43
24,21
52,88
13,59
48,32
9,79
39,43
49,33
46,27
79,79
61,26
10,59
100,42
42,53
73,47
65,71
7,30
56,4
3,57
27,95
75,50
16,50
27,10
22,93
76,64
45,1
63,3
85,53
70,44
92,27
70,70
4,0
68,46
23,78
100,95
83,4
58,7
2,49
61,90
16,85
49,54
80,89
96,7
30,79
85,10
91,65
44,89
37,4
16,86
41,41
77,90
41,60
64,76
91,96
29,74
91,0
75,55
93,46
13,83
73,87
97,20
78,41
54,2
82,96
30,68
36,13
99,65
62,30
84,86
79,75
41,6
51,55
82,34
1,18
76,100
66,12
34,99
21,0
37,18
49,75
5,45
7,21
88,57
74,31
92,33
92,31
46,50
73,90
6,26
98,32
70,23
79,14
25,65
73,68
1,98
49,10
54,65
42,27
66,43
63,97
0,44
44,100
25,84
27,79
74,57
70,47
80,81
23,94
100,99
70,3
10,30
68,94
69,50
6,100
39,95
51,33
41,6
95,29
90,64
24,42
51,29
16,8
93,65
68,45
21,74
63,66
36,39
88,16
13,53
11,90
28,85
67,2
8,0
55,76
66,67
93,90
4,19
0,50
0,83
12,47
4,97
70,23
40,90
23,64
64,95
22,57
82,97
46,88
87,79
8,55
11,52
60,88
24,59
9,49
4,77
94,4
42,24
81,46
80,62
34,76
82,37
42,70
4,65
17,63
66,80
13,77
88,58
79,56
61,18
22,54
53,78
88,50
50,67
90,98
45,36
80,34
3,23
92,34
43,62
56,76
75,31
91,96
73,6
57,53
60,88
99,62
80,51
47,97
75,11
26,62
96,79
20,14
81,81
23,19
32,68
80,8
61,10
98,86
81,51
61,89
98,53
73,48
7,54
93,39
86,24
98,85
42,58
59,5
87,35
41,25
61,30
12,21
14,42
37,7
97,81
89,22
69,28
63,95
95,27
99,26
44,84
45,21
95,25
21,65
94,35
82,58
56,54
38,11
73,83
18,75
34,86
56,89
6,56
47,32
92,45
15,75
85,4
93,56
16,56
9,21
90,91
61,7
100,14
33,42
33,31
50,97
93,24
14,80
57,85
53,84
35,58
81,53
66,78
3,44
43,34
42,50
43,39
53,100
13,66
57,59
27,58
66,82
93,39
99,54
46,29
83,91
15,72
70,30
76,92
64,34
8,28
80,61
29,76
18,57
29,70
4,100
0,0
30,36
34,6
86,87
91,91
90,73
85,2
51,12
55,82
90,99
77,2
66,62
68,75
74,22
5,61
11,17
61,19
45,98
78,42
89,62
4,10
57,57
64,3
2,20
12,22
61,77
36,51
34,79
79,71
3,35
59,26
99,16
74,69
10,25
74,86
1,19
19,95
62,36
50,88
34,29
96,86
7,0
15,63
48,71
93,60
96,99
83,33
88,70
12,81
71,78
61,24
43,80
5,46
41,79
74,54
62,100
7,94
43,11
65,35
92,22
25,56
26,67
74,43
43,37
80,15
94,89
88,69
42,2
29,34
83,42
99,48
47,27
18,37
38,39
93,22
32,4
25,1
41,61
64,0
5,72
78,42
72,21
48,83
8,24
56,1
39,41
27,42
14,65
30,52
26,91
0,80
60,20
72,33
64,70
18,46
52,97
70,89
68,6
0,10
64,7
65,84
81,88
21,92
30,26
81,30
38,21
29,40
81,3
58,95
86,31
100,57
89,2
24,49
1,5
100,74
11,1
87,79
63,34
71,98
47,74
81,14
86,54
3,65
27,46
47,84
24,59
66,45
90,42
23,63
10,27
11,15
42,80
43,29
54,87
38,37
15,99
0,55
79,40
4,60
78,76
0,77
85,67
71,76
94,28
80,83
70,12
85,1
6,45
98,42
75,100
40,33
50,55
40,65
51,40
25,15
43,59
60,77
60,55
32,92
53,0
30,8
50,80
47,50
33,82
61,3
55,78
37,100
27,79
1,46
33,79
56,54
66,13
14,78
18,52
55,82
33,80
57,28
58,84
14,56
97,59
94,65
76,9
0,80
13,26
55,70
75,34
72,25
53,41
35,99
91,5
69,69
27,2
37,78
53,70
83,26
70,21
10,45
43,97
98,93
33,58
69,14
0,25
38,94
18,64
69,97
48,10
73,91
47,77
41,40
91,23
8,36
79,38
71,86
71,62
28,49
39,7
82,39
42,11
15,84
81,67
52,48
44,100
76,18
95,75
30,18
93,21
27,20
67,68
40,89
100,84
35,19
87,23
67,73
23,13
34,75
70,75
71,19
80,67
60,5
4,51
98,69
96,18
79,67
46,63
82,43
3,28
12,39
45,86
98,17
93,55
95,74
5,59
67,7
43,99
11,11
39,41
71,1
27,54
88,66
43,88
2,88
19,36
100,76
21,44
7,67
76,71
14,57
48,98
30,36
49,43
94,32
54,46
89,40
8,80
26,31
8,46
3,75
28,85
64,2
42,8
56,51
71,10
0,9
23,93
30,78
0,39
34,21
53,36
2,75
43,21
91,75
57,81
32,36
14,4
14,54
55,95
29,33
84,88
81,45
60,51
45,7
99,55
38,77
48,36
36,41
93,57
14,90
44,34
73,27
68,90
35,85
67,17
90,69
31,27
72,21
45,58
63,96
81,70
56,94
0,93
91,51
95,77
73,94
56,55
92,60
46,58
27,72
78,15
25,32
38,81
96,17
25,16
36,84
35,7
82,26
34,17
68,85
11,76
11,87
11,80
41,55
96,91
12,30
91,7
38,2
14,94
66,93
41,77
83,99
69,44
98,27
27,19
83,98
2,29
8,36
56,28
34,25
74,29
19,99
77,87
81,35
78,77
73,88
16,75
26,89
12,40
24,2
34,12
37,23
59,51
5,0
83,11
70,61
79,84
76,79
59,55
24,5
76,39
4,95
56,44
46,11
51,17
4,23
47,59
44,66
81,39
75,9
6,90
44,79
5,4
93,35
28,17
15,28
70,46
67,71
19,44
7,28
13,64
52,96
73,73
50,44
3,93
55,78
52,17
94,48
87,8
48,93
42,68
78,46
98,81
36,50
30,87
66,58
56,31
92,84
17,28
13,87
48,16
40,39
28,30
85,30
66,12
80,7
5,88
22,60
46,94
4,40
100,71
24,40
19,35
29,85
60,42
99,87
67,38
86,99
93,14
56,41
86,34
28,97
99,34
50,59
54,27
96,10
73,46
18,71
37,11
49,64
68,85
28,31
70,42
83,58
38,12
82,43
47,73
23,82
24,16
88,52
53,23
59,46
63,13
17,59
96,50
59,42
93,7
25,3
75,74
38,85
63,86
13,26
2,27
96,42
68,6
73,91
31,24
38,93
31,29
57,26
39,66
94,60
42,16
77,52
68,63
33,4
25,4
96,41
83,23
62,87
79,72
91,0
74,54
67,16
88,68
57,33
98,2
76,77
69,26
80,45
21,100
81,75
3,86
20,32
1,96
87,20
69,98
52,87
6,84
39,27
51,29
5,48
1,97
53,55
40,40
38,60
83,1
99,30
9,79
66,29
21,87
94,35
3,20
97,96
27,92
99,52
56,5
8,59
67,72
92,66
48,83
96,5
96,78
45,38
94,71
74,0
97,86
48,57
45,0
30,94
8,62
18,15
100,73
97,21
6,47
85,79
37,85
32,92
34,83
33,80
17,50
20,81
80,47
2,55
47,12
7,31
27,28
5,34
95,76
34,70
35,90
40,43
62,28
74,43
1,87
59,72
93,95
10,89
9,56
66,73
53,29
74,54
29,78
47,83
53,51
46,44
73,35
44,41
86,81
47,53
58,61
98,95
22,37
98,70
33,66
21,83
62,65
13,18
66,7
96,82
9,42
33,15
71,66
71,44
83,24
96,27
67,4
33,72
10,37
84,98
43,33
22,29
78,53
53,34
65,61
59,0
31,7
30,46
72,78
65,75
45,95
92,43
34,39
2,31
52,0
9,85
33,38
42,15
53,95
1,54
26,98
29,40
27,91
51,22
94,31
81,84
45,73
58,32
91,80
69,73
11,3
77,28
62,6
53,67
80,23
59,43
7,18
85,81
15,99
5,53
73,23
55,70
75,16
66,79
69,44
46,61
33,2
61,11
10,66
78,54
96,59
62,74
72,26
41,14
58,87
85,68
11,34
47,22
85,98
87,97
21,86
54,5
67,69
75,97
11,27
47,75
25,47
31,65
59,15
78,74
77,22
52,26
21,25
5,73
44,9
83,46
70,66
23,24
98,66
26,26
87,84
34,43
67,7
40,62
71,38
53,38
19,52
27,27
83,70
48,2
5,17
84,1
72,34
43,50
96,84
95,64
76,52
15,30
6,85
24,89
55,11
80,0
31,90
71,5
50,76
24,19
72,55
19,74
64,69
79,0
56,21
23,22
37,80
87,0
55,56
30,75
10,62
68,95
96,95
33,42
48,33
66,2
81,17
17,19
67,45
95,19
26,84
22,72
14,57
78,99
48,75
78,78
10,58
80,34
19,87
57,70
76,56
37,6
58,81
75,94
86,94
14,6
53,8
4,28
2,0
21,44
46,49
67,31
79,39
19,75
73,32
99,15
93,22
35,83
81,12
48,16
94,58
56,50
36,45
94,63
87,35
98,49
11,74
73,40
90,32
43,60
100,25
88,79
62,75
94,6
37,86
90,9
85,5
5,95
78,38
79,82
44,84
23,93
64,42
84,77
61,4
93,13
23,97
77,63
12,54
55,58
18,52
51,44
65,12
5,66
39,88
8,80
86,27
80,38
19,58
67,29
98,87
65,13
44,39
95,93
23,6
30,18
73,62
87,16
37,24
82,49
77,86
31,83
76,10
82,75
80,19
58,93
65,41
95,6
57,28
6,87
49,57
44,100
36,15
42,39
85,27
15,98
36,32
15,75
80,63
47,51
65,78
48,58
44,94
46,17
9,21
29,10
50,40
74,72
78,76
67,34
33,95
14,0
19,36
56,37
74,3
89,23
40,64
85,88
2,77
70,44
91,25
33,46
94,88
45,38
82,72
82,54
70,54
64,2
73,80
47,58
71,54
50,0
75,88
0,6
49,50
79,32
48,2
33,2
49,66
9,99
49,11
47,28
54,71
83,30
1,79
21,3
7,54
88,34
13,67
50,62
53,73
84,35
61,8
97,6
60,37
12,77
39,91
5,9
21,52
7,41
54,95
47,38
8,55
72,86
79,5
36,51
46,48
55,96
62,43
48,46
90,84
66,21
3,92
77,64
58,64
29,8
26,62
47,17
45,60
67,40
79,84
21,17
55,55
16,84
15,2
58,67
97,29
2,47
60,46
91,41
40,38
46,28
84,34
60,89
0,75
8,92
88,32
100,17
100,63
69,82
17,37
48,8
52,71
21,78
63,39
26,41
53,35
94,23
66,91
40,10
13,54
58,9
35,89
57,3
10,93
25,35
19,29
19,58
87,46
36,18
84,73
99,31
38,46
82,57
83,68
72,49
33,59
63,18
70,91
17,60
87,28
80,91
77,14
35,47
77,98
14,99
86,64
22,26
37,54
5,87
76,6
49,54
47,74
72,13
11,9
88,44
67,19
55,97
71,4
45,51
40,69
42,93
92,83
31,85
46,63
84,35
56,54
0,71
92,68
77,43
39,17
46,32
53,37
64,24
96,5
98,76
94,88
66,97
99,77
68,6
39,45
7,94
72,4
17,69
54,68
22,59
7,1
98,47
20,80
39,99
45,63
80,13
33,99
28,86
48,28
65,23
9,26
78,22
78,26
52,24
0,39
54,20
91,100
48,4
62,54
65,45
13,39
50,97
55,82
50,44
0,55
6,53
77,20
21,11
68,65
57,10
21,80
100,52
60,18
98,58
42,88
27,30
90,73
52,86
22,44
70,21
36,83
40,10
13,69
41,29
19,70
82,18
70,42
52,0
1,75
30,12
59,7
40,16
31,68
13,65
77,78
17,10
74,38
45,4
88,21
75,76
76,78
37,71
44,92
60,26
59,60
96,69
7,12
15,5
13,1
31,98
22,57
96,22
87,32
7,39
55,23
7,59
71,18
66,16
29,18
15,36
11,66
82,84
45,60
88,45
33,84
35,59
54,78
64,79
73,54
38,85
33,98
53,52
93,58
76,32
5,9
93,69
84,8
80,65
14,26
27,83
64,96
38,66
41,75
32,85
100,46
51,43
52,66
71,90
22,98
50,76
97,95
81,25
62,12
23,16
9,1
6,19
37,78
67,31
13,51
54,65
23,77
46,33
93,55
12,34
74,92
70,32
39,34
100,85
53,33
100,24
49,75
23,1
55,48
14,18
71,84
50,57
40,55
72,90
68,86
64,92
30,48
92,8
21,77
45,27
61,11
92,96
40,36
9,58
37,39
49,26
16,81
59,98
66,85
74,14
94,4
66,78
87,58
15,33
53,16
35,37
4,39
87,99
65,21
7,76
100,16
59,52
45,12
46,74
23,44
44,10
31,65
68,55
72,82
92,37
66,94
76,81
3,38
10,31
17,30
73,25
69,39
39,29
98,85
95,68
27,52
53,98
72,8
47,75
60,88
56,57
53,88
12,98
69,98
3,90
2,60
32,82
77,69
66,44
5,94
29,60
47,30
79,44
23,26
14,34
71,83
73,99
20,99
46,100
18,91
5,46
13,88
21,26
85,79
33,38
12,4
33,73
77,88
36,95
68,11
62,0
2,20
56,76
58,89
37,72
1,62
94,39
22,83
82,24
97,53
39,23
23,83
37,71
29,32
75,64
35,62
33,36
34,59
80,6
6,67
7,90
75,37
76,57
71,28
87,29
96,77
91,81
69,78
32,48
67,13
16,72
89,27
59,45
44,20
0,35
12,33
75,52
12,86
60,40
37,90
88,11
39,9
9,85
52,49
15,99
28,65
36,23
7,2
63,70
72,86
31,37
33,87
86,50
61,16
26,100
92,23
57,80
95,84
75,12
92,94
12,67
51,42
0,79
8,84
72,60
63,41
40,57
56,65
75,94
79,12
88,84
2,90
39,87
59,13
75,37
71,83
100,56
80,37
37,20
87,83
97,28
97,66
29,86
34,37
56,36
16,49
38,24
60,90
73,54
97,81
69,1
43,9
72,68
59,68
27,7
72,90
28,19
65,58
53,75
41,71
65,34
49,98
75,25
84,53
42,26
58,81
59,68
97,75
22,24
22,79
19,37
88,12
99,30
61,1
89,93
95,23
45,10
39,11
24,84
60,62
95,38
40,14
93,44
3,61
87,11
67,23
74,57
8,22
68,97
47,78
67,40
20,14
17,100
52,43
1,38
78,79
72,77
78,91
86,21
25,50
85,55
21,51
36,63
69,85
50,6
49,89
97,31
90,8
23,90
32,55
14,20
17,39
21,4
72,31
31,94
73,15
27,89
27,72
10,85
52,58
23,97
37,44
10,30
1,42
28,49
28,79
33,62
40,54
23,32
87,1
17,45
77,38
55,77
19,27
91,60
6,75
8,34
80,76
76,80
93,59
73,57
50,76
10,37
98,8
74,93
71,46
74,10
30,20
96,87
46,41
23,42
11,25
86,99
93,12
58,28
62,46
7,0
20,84
36,31
86,7
7,54
93,33
13,7
34,40
54,99
65,2
95,53
47,94
67,32
26,66
89,76
44,65
99,20
46,6
67,53
2,70
29,68
91,48
4,67
32,4
44,37
32,2
47,12
37,40
97,72
51,30
87,70
27,57
30,10
66,39
99,25
18,30
15,54
71,64
1,98
28,37
40,6
25,90
0,96
55,41
66,87
51,23
7,88
67,95
39,32
58,7
23,28
76,92
43,34
32,38
70,23
2,69
2,12
13,91
84,70
98,35
30,1
89,17
62,98
13,49
28,81
44,91
83,95
6,64
96,57
80,74
98,40
52,73
16,42
55,69
98,11
33,87
98,50
62,32
94,94
45,25
8,45
80,96
43,32
8,57
23,19
71,80
12,70
64,7
68,97
72,89
84,31
56,29
17,91
64,1
44,30
47,27
35,56
63,25
37,28
94,53
64,83
89,79
66,27
50,55
9,62
25,86
3,41
19,40
1,33
87,68
72,29
19,100
65,36
92,90
75,16
58,94
93,59
37,59
19,72
18,4
55,96
63,82
33,10
28,98
69,43
93,10
12,41
40,71
91,57
8,88
2,83
86,29
6,83
75,72
6,45
53,25
100,78
11,86
56,35
59,11
13,33
66,19
0,9
70,48
21,54
1,2
65,95
76,70
64,95
19,52
6,63
49,1
1,29
5,62
82,42
3,38
50,83
43,15
40,92
73,65
81,37
62,54
66,91
82,78
60,1
17,32
87,7
23,74
46,49
42,66
85,27
81,69
86,9
71,98
44,82
100,93
77,63
76,68
22,83
59,29
59,92
82,71
96,16
25,80
29,40
39,71
77,88
14,27
88,6
2,16
28,5
38,72
22,24
67,4
26,67
39,17
77,11
19,25
36,70
57,50
6,14
63,21
29,99
47,61
81,13
50,38
47,95
60,74
33,24
53,64
39,94
24,5
73,71
98,7
46,49
90,81
33,42
60,35
95,0
77,3
30,92
50,35
72,54
46,26
71,94
62,56
94,78
20,55
17,77
10,59
40,91
6,82
1,21
50,27
90,49
31,68
92,48
27,71
97,33
95,61
79,83
73,8
60,93
13,12
85,61
57,1
70,50
78,69
0,17
100,60
38,54
37,18
52,59
41,91
63,62
79,58
2,60
64,96
99,75
21,70
54,36
50,99
40,43
64,86
53,20
90,66
0,88
65,23
8,71
74,57
50,27
73,81
98,100
58,1
92,43
50,75
31,40
52,28
5,15
15,6
82,6
40,83
28,36
81,46
54,49
33,85
71,26
79,13
72,11
83,63
69,90
31,45
38,100
24,57
52,49
43,36
100,82
88,16
95,45
42,5
49,10
72,42
73,95
4,91
98,58
50,83
56,76
96,13
96,7
72,39
32,11
98,6
34,62
53,73
23,94
83,91
36,29
65,37
38,82
64,6
45,91
69,37
98,92
49,48
72,47
10,95
78,66
11,10
26,65
57,13
24,12
0,8
24,19
100,53
44,28
18,81
29,59
9,80
66,91
88,75
8,63
87,39
71,44
30,97
95,17
70,3
52,16
9,16
30,72
56,30
42,34
29,93
38,16
30,13
90,40
37,60
64,15
64,95
27,87
58,68
16,61
36,73
22,74
22,13
21,91
37,75
22,24
78,6
3,67
22,35
64,69
36,2
54,52
9,82
97,35
31,16
58,94
15,56
91,56
84,12
71,43
79,65
6,34
7,96
47,18
18,100
21,34
63,97
9,11
35,36
62,72
92,9
71,92
90,36
54,83
21,14
95,93
28,35
68,0
29,41
56,79
20,33
47,3
15,59
4,14
7,34
97,6
87,99
4,36
72,2
70,6
97,61
57,49
76,59
84,78
97,25
69,19
78,72
50,98
48,54
21,64
77,66
11,77
39,76
90,15
11,61
41,92
43,59
64,47
94,29
15,55
26,60
98,96
43,53
43,86
61,85
16,80
35,64
19,12
97,97
7,92
8,73
57,1
15,35
60,56
40,74
73,35
54,15
57,65
92,68
33,23
37,12
20,91
49,42
44,15
64,59
14,19
51,37
59,12
46,61
4,53
53,15
50,40
73,24
54,14
5,29
16,44
60,63
79,80
95,88
15,35
41,39
2,14
43,14
76,98
30,66
17,92
52,30
36,58
0,19
98,65
71,96
98,26
85,77
46,92
7,94
9,37
23,1
14,66
9,32
55,75
75,3
74,10
12,37
46,56
86,52
23,22
91,65
70,44
9,61
48,79
27,70
37,33
10,86
6,44
37,94
11,17
39,53
50,15
39,76
88,27
4,37
6,42
29,45
25,15
49,60
57,36
44,8
80,48
75,15
66,20
42,8
20,10
54,26
83,2
99,90
97,18
7,25
70,85
22,7
29,17
49,11
2,41
58,50
72,90
30,89
4,48
72,87
46,36
15,26
0,26
45,29
64,45
79,23
25,35
58,50
80,57
99,37
76,93
2,7
87,44
11,21
47,93
94,15
98,81
23,32
19,31
37,15
70,36
36,77
43,29
84,52
33,82
63,68
74,83
28,64
13,15
31,44
57,49
62,75
21,37
50,82
64,67
50,9
100,69
34,41
6,70
71,43
90,81
60,83
25,60
48,67
64,37
37,37
76,100
0,3
9,62
34,32
8,52
78,33
35,38
58,57
44,65
97,59
55,97
20,69
52,37
41,65
18,48
87,15
80,45
12,77
73,34
15,32
57,10
19,20
29,4
94,1
64,99
30,61
78,71
20,58
57,57
18,18
17,48
90,17
52,0
59,24
0,7
13,24
38,75
51,42
70,3
69,3
13,32
24,96
2,45
96,78
8,77
18,50
44,5
79,65
99,99
6,85
98,99
83,45
87,39
23,42
53,74
13,84
75,69
93,53
76,55
43,43
32,15
32,26
99,28
33,7
91,71
67,3
85,12
21,33
43,72
21,65
32,14
27,65
58,91
70,65
64,42
49,0
12,82
89,82
71,73
77,27
22,69
0,76
4,90
48,53
39,91
51,70
92,53
5,7
44,83
49,56
8,74
89,69
26,61
57,85
10,26
77,42
24,50
83,48
70,34
2,13
44,86
21,3
64,0
1,7
83,98
48,91
45,10
85,80
43,25
92,19
87,86
74,9
42,10
2,69
21,37
5,6
33,33
37,4
38,85
97,15
85,7
35,16
18,99
42,70
38,61
19,81
84,48
54,72
49,23
8,77
57,68
52,14
15,38
83,77
30,49
32,25
18,19
48,17
90,45
81,49
67,6
79,3
14,11
0,20
11,65
80,10
34,100
5,97
20,66
63,88
49,50
15,82
49,37
49,90
82,27
31,29
62,21
86,62
35,83
37,93
84,94
3,93
96,27
13,100
81,63
55,83
34,18
40,46
34,40
91,3
47,37
83,60
87,98
53,58
37,50
72,77
20,11
18,72
54,6
48,40
31,79
39,37
18,82
69,34
94,17
37,41
30,95
79,80
59,69
51,88
84,61
19,4
20,87
85,38
86,24
33,65
78,7
25,70
7,60
12,49
100,94
67,31
75,77
90,94
57,49
50,79
67,10
90,79
95,30
29,28
7,76
15,30
68,39
82,17
7,31
0,83
72,66
27,31
57,5
80,50
65,6
36,51
56,33
13,12
13,44
51,67
70,85
99,91
37,0
67,21
95,81
87,79
27,87
63,68
2,23
76,54
21,68
30,2
5,46
84,7
47,6
82,53
10,48
15,17
29,100
20,85
78,62
65,36
99,16
46,54
26,19
22,33
50,70
49,93
2,82
22,87
31,66
8,92
26,90
51,11
47,54
11,41
80,100
100,80
85,81
98,93
92,100
84,85
83,97
86,97
80,92
90,94
84,80
90,82
80,90
80,96
83,86
83,81
98,80
90,100
91,86
99,99
99,94
90,85
99,98
100,86
91,82
94,83
97,81
100,85
86,86
82,90
94,84
88,86
85,90
99,81
88,80
99,93
83,100
88,88
99,96
83,97
89,83
82,81
96,92
82,92
86,95
81,93
94,89
83,96
93,96
84,94
86,97
84,81
98,89
91,84
85,82
94,90
100,99
96,82
85,87
82,95
86,88
97,95
91,81
98,89
100,84
94,90
92,87
81,97
94,88
92,80
93,82
97,84
83,84
84,94
85,83
87,83
98,93
87,81
96,97
88,97
82,91
84,89
100,96
100,81
88,96
87,92
100,91
94,89
88,90
82,82
97,84
99,91
84,93
87,83
85,100
93,86
95,92
89,84
93,99
80,80
97,83
94,98
94,97
86,91
88,98
96,80
88,87
86,100
94,97
91,86
100,80
97,87
90,94
93,88
87,82
93,87
94,90
91,93
85,94
85,100
94,85
95,80
85,93
98,85
97,85
99,96
95,92
80,91
80,81
80,93
80,80
80,81
86,80
92,88
92,99
95,96
84,82
81,85
80,95
97,82
85,82
95,80
95,100
97,96
82,100
90,99
87,93
99,87
92,85
98,82
81,88
90,80
97,81
87,92
91,93
86,90
100,88
83,93
94,84
84,89
95,92
97,92
87,80
92,92
87,95
88,83
81,80
95,81
87,93
95,88
80,86
100,91
84,98
84,84
94,98
88,84
95,92
92,94
98,90
80,83
97,93
92,82
86,90
94,82
86,82
80,90
92,100
88,80
96,83
94,81
86,94
96,96
95,88
89,91
91,94
89,93
87,97
80,84
87,89
95,91
80,97
80,95
82,94
93,88
90,81
96,89
86,83
94,88
80,93
81,99
98,80
97,100
100,82
96,89
94,97
83,100
85,96
92,90
83,84
81,96
82,94
89,86
85,91
97,96
82,95
95,96
93,93
89,84
86,93
96,94
96,100
98,97
92,97
82,83
99,92
93,98
89,96
86,96
99,97
98,82
94,83
82,91
82,83
85,88
86,91
81,99
97,82
95,97
93,80
86,87
80,92
98,94
92,81
85,96
100,88
80,86
93,99
97,98
92,85
84,84
98,85
91,96
99,99
96,85
86,99
93,93
98,96
83,82
84,81
89,90
86,98
95,88
89,88
88,90
99,81
98,87
96,85
98,99
81,89
82,90
89,89
83,83
94,88
93,82
100,81
88,81
92,80
98,90
85,83
92,95
93,91
81,98
84,89
83,86
89,96
88,82
88,85
91,90
81,81
85,91
82,82
84,82
80,84
86,100
96,87
89,81
83,80
89,91
97,97
81,94
94,92
94,81
95,94
83,98
90,94
86,90
81,96
87,89
92,80
88,99
95,87
89,100
85,100
86,84
100,84
99,85
100,84
81,89
97,98
97,87
84,94
88,97
100,87
88,99
85,82
86,90
98,80
95,98
84,83
92,91
86,84
100,92
96,82
87,85
85,89
83,98
92,80
96,98
100,90
87,93
100,80
91,94
92,88
80,89
89,81
91,95
89,90
100,91
84,86
94,92
97,100
99,90
87,91
82,86
97,84
82,81
100,84
93,84
91,90
95,83
100,94
96,95
82,93
80,97
87,97
99,93
81,93
80,97
91,92
86,100
82,97
88,97
99,88
88,99
91,99
82,83
88,95
84,91
91,80
95,85
93,82
96,94
87,93
93,81
96,85
86,93
96,96
97,84
87,81
100,99
90,80
86,84
100,96
86,83
99,87
92,91
98,81
88,100
84,81
98,94
94,91
89,95
100,89
85,80
94,80
86,84
89,93
85,84
95,83
89,84
96,98
98,87
83,95
86,98
92,91
92,98
90,87
80,80
88,98
85,83
93,84
93,82
98,98
95,99
97,93
99,88
93,95
88,90
87,90
90,88
90,94
88,84
84,91
87,94
85,85
91,87
81,88
88,82
97,100
95,93
99,85
95,91
99,97
86,83
98,95
89,88
100,94
81,87
83,84
97,80
99,100
92,98
96,81
89,87
100,94
91,90
81,100
97,80
80,92
93,84
88,92
85,81
82,84
99,98
80,84
83,80
87,82
82,97
88,99
90,83
87,90
84,84
85,96
86,100
87,91
100,92
82,80
94,89
86,98
99,84
80,85
100,89
84,97
99,100
89,90
95,100
99,80
99,85
93,86
97,90
83,87
85,100
89,94
82,95
90,87
82,93
85,84
80,81
90,98
93,82
90,87
85,87
91,91
87,96
100,87
100,86
89,99
91,88
82,86
84,97
100,85
84,85
80,96
82,89
83,94
88,94
90,87
94,96
95,87
82,81
86,99
87,90
88,80
83,89
94,81
82,92
94,80
87,95
84,91
96,88
96,97
95,83
87,86
95,87
85,80
100,92
93,92
99,85
88,100
93,96
90,100
90,83
80,83
92,87
92,88
84,93
88,96
85,97
89,82
98,93
91,89
94,89
83,100
93,95
86,87
82,88
87,86
88,89
94,99
89,86
98,98
97,84
85,83
87,95
84,96
87,82
92,80
95,99
81,95
94,88
99,91
91,89
95,84
91,96
89,90
95,82
87,94
98,98
98,83
99,93
87,94
100,87
86,80
81,83
92,90
97,99
100,100
84,97
99,91
93,95
100,87
95,98
87,91
90,84
91,96
90,86
86,85
80,88
94,95
87,83
95,82
80,81
94,90
92,95
93,87
88,93
80,87
98,89
82,99
85,86
100,86
81,98
98,94
87,89
83,86
84,80
83,84
91,81
95,92
89,92
94,92
89,96
91,100
86,89
80,98
82,85
97,85
100,92
99,99
93,82
92,84
84,83
85,85
82,93
85,90
86,87
86,100
97,98
89,86
80,95
94,87
100,89
80,82
81,97
100,92
97,85
93,92
98,81
81,99
87,88
82,90
95,92
94,93
98,82
82,81
89,88
93,81
85,85
84,99
99,82
89,82
98,98
94,90
93,93
85,97
81,96
88,97
87,87
100,100
88,83
100,98
87,92
85,85
84,95
83,81
87,90
84,84
97,90
84,86
83,99
80,85
82,97
96,85
100,83
82,88
88,91
99,84
87,93
93,99
89,96
87,94
94,91
98,98
88,87
91,87
90,93
90,82
87,93
90,100
84,89
92,82
96,95
100,83
87,81
81,90
81,90
86,99
82,92
99,93
89,94
85,92
94,89
86,85
93,86
81,84
93,91
96,91
86,99
80,84
97,82
94,82
92,93
94,93
86,98
100,91
85,85
90,88
86,85
100,80
91,96
89,85
93,100
91,97
81,81
85,92
85,97
87,99
89,81
95,90
80,85
85,90
92,82
94,80
97,92
96,82
97,81
99,87
81,83
84,99
100,95
90,80
94,80
86,97
92,88
86,98
81,98
91,98
83,92
85,87
88,80
100,81
83,87
81,85
87,80
84,87
83,93
80,89
90,88
94,83
96,91
80,92
97,88
80,85
90,84
93,95
92,94
94,89
93,99
83,97
95,96
95,98
94,89
100,100
81,85
98,91
94,94
89,84
91,90
94,81
80,93
89,91
96,89
84,94
94,100
96,90
85,100
97,80
87,80
91,92
87,83
93,92
100,84
95,96
93,86
80,92
90,81
85,84
90,83
95,91
83,94
100,90
80,94
100,99
95,85
87,83
81,100
87,96
90,80
95,90
93,98
92,94
82,86
84,97
92,97
81,91
84,95
96,81
80,100
96,100
84,82
87,97
90,87
94,87
99,97
95,84
81,83
85,85
88,89
91,88
98,86
94,83
95,100
81,95
81,83
84,99
81,88
90,90
89,84
90,84
81,85
97,98
96,96
100,92
98,90
86,92
97,92
91,91
90,94
83,89
99,96
94,82
94,80
87,94
82,83
97,84
93,100
96,84
89,95
97,98
91,80
96,93
85,85
97,85
86,87
93,94
93,90
98,80
90,86
80,81
99,90
84,92
85,86
91,84
81,94
80,89
94,94
90,87
92,100
90,97
91,88
86,96
99,82
98,85
85,99
92,82
85,84
85,85
81,89
95,86
81,99
89,92
93,82
84,86
100,92
99,98
91,91
84,90
97,82
96,82
97,81
93,93
93,98
98,91
90,90
99,93
94,86
90,92
100,100
90,85
96,83
80,98
82,96
100,81
80,89
95,86
90,93
85,100
88,95
81,98
97,95
87,87
91,95
93,97
88,82
80,100
83,89
80,88
86,92
81,99
85,97
99,98
88,91
85,87
91,85
81,88
89,89
92,83
89,97
100,80
90,95
100,90
93,86
100,81
95,96
82,81
85,83
92,97
94,80
90,91
83,93
97,90
97,88
85,97
86,81
82,87
99,96
84,85
100,100
98,84
98,94
100,83
100,82
86,92
85,88
89,93
84,92
85,89
94,93
95,98
82,81
84,85
95,89
85,90
93,84
94,87
89,93
97,95
95,99
81,80
90,99
